Job Title,Company Name,Platform,Application Status,Email Status,Email Enabled,Date Applied,Resume Used,Job Link
Job Application for Senior DevOps Engineer at Really Great Reading,Reallygreatreading,Greenhouse,completed,Not Enabled,No,7/22/2026,Senior DevOps Engineer,https://job-boards.greenhouse.io/reallygreatreading/jobs/4310665009
Senior DevOps Engineer @ Stellar Health - Jobs,Stellar Health,Ashby,completed,Not Enabled,No,7/22/2026,Senior DevOps Engineer,https://jobs.ashbyhq.com/stellar-health/640adc1f-7638-47bc-b62a-ad41d5516fb4
"Senior DevOps Engineer, Security - AllTrails - Lever",Alltrails,Lever,completed,Not Enabled,No,7/22/2026,Senior DevOps Engineer,https://jobs.lever.co/alltrails/f5ca6ac1-44ac-469e-8a7b-ac821e7c49f4
Lone Wolf Technologies - Accountant - Lever,Lwolf,Lever,completed,Not Enabled,No,7/22/2026,CFO,https://jobs.lever.co/lwolf/20ea4a37-3aaa-4e4d-8b41-49a0067860af
Staff Accountant @ Prompt - Jobs,Prompt,Ashby,completed,Not Enabled,No,7/22/2026,CFO,https://jobs.ashbyhq.com/Prompt/0c8f563d-5433-43a7-9cee-006e39d12162?embed=js
Senior Accountant @ Oxeon - Jobs,Oxeon,Ashby,completed,Not Enabled,No,7/22/2026,CFO,https://jobs.ashbyhq.com/oxeon/8c1b0a46-37bb-4b7e-b40c-e57afbc956a7?embed=js
InductiveHealth - Senior Revenue Accountant (Virtual/Remote) - Lever,Inductivehealth,Lever,completed,Not Enabled,No,7/22/2026,CFO,https://jobs.lever.co/inductivehealth/325655cc-7ab7-4570-9dac-5d1148d2f08b/apply?lever-origin=applied&lever-source%5B%5D=Jobgether&utm_campaign=search&utm_medium=website
Senior Accountant,Sugaredandbronzed,Rippling,completed,Not Enabled,No,7/21/2026,CFO,https://ats.rippling.com/sugaredandbronzed/jobs/5c0d3584-0407-4497-9c6e-44c4d858dfa4
"Job Application for Accounts Receivable, Staff Accountant at ...",Hlb90067,Greenhouse,completed,Not Enabled,No,7/21/2026,CFO,https://job-boards.greenhouse.io/hlb90067/jobs/4278818009
Accountant - Rippling,Cutcher,Rippling,completed,Not Enabled,No,7/21/2026,CFO,https://ats.rippling.com/cutcher/jobs/6ac3f711-763b-41b7-9ae6-0fbf284fec73
Accountant @ Clay Labs - Jobs,Claylabs,Ashby,completed,Not Enabled,No,7/21/2026,CFO,https://jobs.ashbyhq.com/claylabs/b78d32ca-01c1-432d-8af9-4c21ec3c005a?embed=js
Senior Accountant - Greenhouse,Sponsorsforeducationalopportunity,Greenhouse,completed,Not Enabled,No,7/21/2026,CFO,https://job-boards.greenhouse.io/sponsorsforeducationalopportunity/jobs/8589079002
Accountant | BizzyCar,Bizzycar,Rippling,completed,Not Enabled,No,7/21/2026,CFO,https://ats.rippling.com/bizzycar/jobs/1b9e8a05-de64-47ed-bc1b-ceafc6bc1bdf
Decile Group - Fund Accountant (Remote) - Lever,Decilegroup,Lever,completed,Not Enabled,No,7/21/2026,CFO,https://jobs.lever.co/decilegroup/dfd5bb9d-42c9-4215-9ee4-2c97ce243cb5
Senior Accountant - Tax - Rippling,Jccs Careers,Rippling,completed,Not Enabled,No,7/21/2026,CFO,https://ats.rippling.com/en-US/jccs-careers/jobs/45534bca-638b-4a30-8381-df84391dc42c
Senior Inventory & Cost Accountant | Born Primitive Careers,Bornprimitive Careers,Rippling,completed,Not Enabled,No,7/21/2026,CFO,https://ats.rippling.com/bornprimitive-careers/jobs/3fbb9b04-977d-4667-8c52-e10c270bedce
Accountant - Rippling,Club Capital Careers,Rippling,completed,Not Enabled,No,7/21/2026,CFO,https://ats.rippling.com/club-capital-careers/jobs/47873e51-6b2e-4cb0-908a-e1b30b9dcdc9
Revenue Accountant | DOOR,Door,Rippling,completed,Not Enabled,No,7/21/2026,CFO,https://ats.rippling.com/door/jobs/16af86d9-e558-4640-a7b5-6f9822e96280
Job Application for Senior Accountant at GlossGenius - Greenhouse,Glossgenius,Greenhouse,completed,Not Enabled,No,7/21/2026,CFO,https://job-boards.greenhouse.io/glossgenius/jobs/7784086003
Senior Accountant - CE,Rlb Llp,Rippling,completed,Not Enabled,No,7/21/2026,CFO,https://ats.rippling.com/rlb-llp/jobs/936ac156-5560-41de-9643-1f55f6009f07
Senior Accountant | MDpanel LLC,Mdpanel Llc,Rippling,completed,Not Enabled,No,7/21/2026,CFO,https://ats.rippling.com/mdpanel-llc/jobs/c60b02cf-c977-4b97-8e7e-090c9f229525
FloQast - Senior Forward Deployed Accountant - Lever,Floqast,Lever,completed,Not Enabled,No,7/21/2026,CFO,https://jobs.lever.co/floqast/477b24f7-c94c-4265-a78f-b92ec71b5754
Accounting Manager @ SentiLink - Jobs,Sentilink,Ashby,completed,Not Enabled,No,7/21/2026,CFO,https://jobs.ashbyhq.com/sentilink/933ff9d2-47b7-44ad-b01d-b2143e6a56e0
Senior Accountant @ Curri - Jobs,Curri,Ashby,completed,Not Enabled,No,7/21/2026,CFO,https://jobs.ashbyhq.com/curri/4cf9796e-fc52-4f7a-9f81-047360d307ce
Job Application for Accountant at Cresta - Greenhouse,Cresta,Greenhouse,completed,Not Enabled,No,7/21/2026,CFO,http://job-boards.greenhouse.io/cresta/jobs/5140718008
Senior Accountant - Rippling,Tract Capital,Rippling,completed,Not Enabled,No,7/21/2026,CFO,https://ats.rippling.com/tract-capital/jobs/163664dd-b70c-485f-a4e6-d19468a80f89
Senior GL Accountant @ Vanta - Jobs,Vanta,Ashby,completed,Not Enabled,No,7/21/2026,CFO,https://jobs.ashbyhq.com/vanta/de086d3a-8664-488b-ac7c-7e90e117262e
Job Application for Senior Accountant at Landmark Theatres,Landmarktheatres,Greenhouse,completed,Not Enabled,No,7/21/2026,CFO,https://job-boards.greenhouse.io/landmarktheatres/jobs/4254160009
"Whoop - Senior Accountant, Corporate Accounting - Lever",Whoop,Lever,completed,Not Enabled,No,7/21/2026,CFO,https://jobs.lever.co/whoop/354e4e2d-a9ba-4745-ac72-f0be02a058f8
Senior Accountant - Ro - Lever,Ro,Lever,completed,Not Enabled,No,7/21/2026,CFO,https://jobs.lever.co/ro/eda1a90f-3760-4a98-8db1-ca0d075d20ce
Corporate Accounting Manager @ Notion - Jobs,Notion,Ashby,completed,Not Enabled,No,7/21/2026,CFO,https://jobs.ashbyhq.com/notion/bc27f7a6-7572-4b7c-bb31-710aa5c7f54a
Accounting Manager | Jacobson Lawrence & Co,Jacobson Lawrence Company,Rippling,completed,Not Enabled,No,7/21/2026,CFO,https://ats.rippling.com/jacobson-lawrence-company/jobs/59dc02bc-83dd-4a49-9146-1d264826826a
Senior Accountant - Offchain - Lever,Offchainlabs,Lever,completed,Not Enabled,No,7/21/2026,CFO,https://jobs.lever.co/offchainlabs/7adabf16-91e7-4b58-b92e-cc5440b0107b
"Senior Accountant, Corporate Accounting - Greenhouse",Chanzuckerberginitiative,Greenhouse,completed,Not Enabled,No,7/21/2026,CFO,https://job-boards.greenhouse.io/chanzuckerberginitiative/jobs/7904997
Senior Revenue Accountant - Rippling Recruiting,Harborcompliance,Rippling,completed,Not Enabled,No,7/21/2026,CFO,https://ats.rippling.com/harborcompliance/jobs/3ede4e70-326f-4165-b60a-83d03fb7d293
Revenue Accountant @ Clay Labs - Jobs,Claylabs,Ashby,completed,Not Enabled,No,7/21/2026,CFO,https://jobs.ashbyhq.com/claylabs/82ca7670-1083-46e6-9ab4-a722fe535ef3
GRAIL - Senior Accountant - General Ledger #4850 - Lever,Grailbio,Lever,completed,Not Enabled,No,7/21/2026,CFO,https://jobs.lever.co/grailbio/8076f87e-7836-44ac-88ab-2451379a4a99
Financial Accountant UK,Rippling,Rippling,completed,Not Enabled,No,7/21/2026,CFO,https://ats.rippling.com/rippling/jobs/003acd01-047c-47d5-beeb-c0163d0b53a7
Senior Accountant - AHEAD - Lever,Thinkahead,Lever,completed,Not Enabled,No,7/21/2026,CFO,https://jobs.lever.co/thinkahead/c624df5c-1ea8-4522-8b49-c6008a42a744
Lessen - Accounting Manager - Lever,Lessen,Lever,completed,Not Enabled,No,7/21/2026,CFO,https://jobs.lever.co/lessen/38d4a8f9-c28e-40a4-9f23-3be2dc5148f9
Accountant,Valmarholdings,Rippling,completed,Not Enabled,No,7/21/2026,CFO,https://ats.rippling.com/valmarholdings/jobs/9e8b1d40-7549-4ee1-aa2a-31d0f6744224
Job Application for Senior Accountant at SmithRx - Greenhouse,Smithrx,Greenhouse,completed,Not Enabled,No,7/21/2026,CFO,https://job-boards.greenhouse.io/smithrx/jobs/8621917002
Accountant,The Gel Group Inc,Rippling,completed,Not Enabled,No,7/21/2026,CFO,https://ats.rippling.com/the-gel-group-inc/jobs/4b1658d6-fb73-4a60-a2a7-0b4260bf3ebe
Sr Accountant,Linxup,Rippling,completed,Not Enabled,No,7/21/2026,CFO,https://ats.rippling.com/linxup/jobs/3261c8f4-f917-47ff-bc97-0bd7aaf19c94
Accountant - Rippling,Panthera Careers,Rippling,completed,Not Enabled,No,7/21/2026,CFO,https://ats.rippling.com/panthera-careers/jobs/6ad1f571-0889-4624-8f05-57d02dc110cb
Accounting Manager - Hive - Lever,Hive,Lever,completed,Not Enabled,No,7/21/2026,CFO,https://jobs.lever.co/hive/5b5d453b-0b13-40cd-a346-9410f7e436aa
Senior Accountant - Adi Development Group - Lever,Adidevelopments,Lever,completed,Not Enabled,No,7/21/2026,CFO,https://jobs.lever.co/adidevelopments/3d1a0343-777f-4f26-9fcb-8c9546742802
Senior Accountant @ Chamber Cardio - Jobs,Chambercardio,Ashby,completed,Not Enabled,No,7/21/2026,CFO,https://jobs.ashbyhq.com/chambercardio/61b3e95f-6996-4a31-87d3-d2fe22a058a9
Job Application for Senior Accounting Manager at Ōura - Greenhouse,Oura,Greenhouse,completed,Not Enabled,No,7/21/2026,CFO,https://job-boards.greenhouse.io/oura/jobs/4101371009
Job Application for Senior Accountant at Skild AI - Greenhouse,Skildai Careers,Greenhouse,completed,Not Enabled,No,7/21/2026,CFO,https://job-boards.greenhouse.io/skildai-careers/jobs/5135221008
Senior Accountant | Mytra,Mytra,Rippling,completed,Not Enabled,No,7/21/2026,CFO,https://ats.rippling.com/mytra/jobs/90bd0fea-25d2-459c-868a-797663cbc052?jobSite=Indeed
Senior Accountant @ Fluidstack - Jobs,Fluidstack,Ashby,completed,Not Enabled,No,7/21/2026,CFO,https://jobs.ashbyhq.com/fluidstack/0b39981d-3029-4965-b304-086567882a32
Job Application for Senior Accountant at MrBeast - Greenhouse,Mrbeastyoutube,Greenhouse,completed,Not Enabled,No,7/21/2026,CFO,https://job-boards.greenhouse.io/mrbeastyoutube/jobs/6010050004
Staff Accountant,Plmrcareers,Rippling,completed,Not Enabled,No,7/21/2026,CFO,https://ats.rippling.com/plmrcareers/jobs/bd18d2c8-60f0-4218-8176-6854e1425159
Pattern - Brand Associate Accounting Manager - Lever,Pattern,Lever,completed,Not Enabled,No,7/21/2026,CFO,https://jobs.lever.co/pattern/6f6862b6-364f-4a9c-8606-77c17acd9e65
Senior Accountant - BURGA - Lever,Burga,Lever,completed,Not Enabled,No,7/21/2026,CFO,https://jobs.lever.co/burga/a928c51e-0c16-4f9d-8bf7-ac3a0449bf8b
Job Application for Senior Accountant at Pair Team - Greenhouse,Pairteam,Greenhouse,completed,Not Enabled,No,7/21/2026,CFO,https://job-boards.greenhouse.io/pairteam/jobs/8580724002
Job Application for Senior Accountant at Valar Atomics - Greenhouse,Valaratomics,Greenhouse,completed,Not Enabled,No,7/21/2026,CFO,https://job-boards.greenhouse.io/valaratomics/jobs/4265235009
Senior Accountant | DOOR,Door,Rippling,completed,Not Enabled,No,7/21/2026,CFO,https://ats.rippling.com/door/jobs/a0bb3d06-5d84-46d9-833e-8b6a5d95cd03
Senior Accountant,Ncheng,Rippling,completed,Not Enabled,No,7/21/2026,CFO,https://ats.rippling.com/ncheng/jobs/8cf0c351-6670-444a-a415-65bdad42c0f5
Senior GL Accountant @ Runway - Jobs,Runway Ml,Ashby,completed,Not Enabled,No,7/21/2026,CFO,https://jobs.ashbyhq.com/runway-ml/a3165184-69a1-4a5a-8695-88340417db82
Senior Accountant @ Cognition - Jobs,Cognition,Ashby,completed,Not Enabled,No,7/21/2026,CFO,https://jobs.ashbyhq.com/cognition/3c8a2591-a352-4897-8ade-bfb9ab456e3b
Senior Accountant @ Corgi Insurance - Jobs,Corgi,Ashby,completed,Not Enabled,No,7/21/2026,CFO,https://jobs.ashbyhq.com/corgi/4d17bbe4-20f0-4423-aa8b-5200549c808f
Job Application for Senior Accountant at Hasbro - Greenhouse,Hasbro,Greenhouse,completed,Not Enabled,No,7/21/2026,CFO,https://job-boards.greenhouse.io/hasbro/jobs/4252691009
Senior Accounting Manager @ DLC - Jobs,Dlc Inc,Ashby,completed,Not Enabled,No,7/21/2026,CFO,https://jobs.ashbyhq.com/dlc-inc/37816e43-b4f6-412d-bd57-31f0187f9b27
Jobgether - Senior Cost Accountant - Lever,Jobgether,Lever,completed,Not Enabled,No,7/21/2026,CFO,https://jobs.lever.co/jobgether/256a6ffa-474e-4ee9-b0c3-179fb3ffdc7f
Xcimer Energy - Staff Accountant - Lever,Xcimer,Lever,completed,Not Enabled,No,7/21/2026,CFO,https://jobs.lever.co/xcimer/cf24ba3e-0aa5-466c-b68d-6342692dd496?lever-source%5B%5D=careers.gigascale.com
Jobgether - Staff Accountant - Lever,Jobgether,Lever,completed,Not Enabled,No,7/21/2026,CFO,https://jobs.lever.co/jobgether/6f13c252-7252-452e-a987-58f4c4c0afd8
Job Application for Senior Accountant at Konovo - Greenhouse,Konovo,Greenhouse,completed,Not Enabled,No,7/21/2026,CFO,https://job-boards.greenhouse.io/konovo/jobs/5283592008
Accountant @ Pergolux - Jobs,Pergolux,Ashby,completed,Not Enabled,No,7/21/2026,CFO,https://jobs.ashbyhq.com/pergolux/71bf5cd1-2ff7-42db-86c5-5ea9b083dcee
"Aprio PH - US Accounting Manager, Technology/SaaS - Lever",Aprio,Lever,completed,Not Enabled,No,7/21/2026,CFO,https://jobs.lever.co/Aprio/9575d8ec-509b-4fac-910c-dfb6d15c45da
Accountant @ AnswersNow Inc - Jobs,Answersnow,Ashby,completed,Not Enabled,No,7/21/2026,CFO,https://jobs.ashbyhq.com/answersnow/04372144-a435-4ff7-99e5-d629fb9faa00
Job Application for Associate Accountant at Reolink - Greenhouse,Reolink,Greenhouse,completed,Not Enabled,No,7/21/2026,CFO,https://job-boards.greenhouse.io/reolink/jobs/4314154009
Meds - Sr. Staff Accountant - Lever,Meds,Lever,completed,Not Enabled,No,7/21/2026,CFO,https://jobs.lever.co/meds/781de9a4-a126-4848-b726-2795f348f09d
Job Application for Senior Accountant at Teads - Greenhouse,Teads1,Greenhouse,completed,Not Enabled,No,7/21/2026,CFO,https://job-boards.greenhouse.io/teads1/jobs/4829142101?utm_source=Viola+Group+job+board&utm_medium=getro.com&gh_src=Viola+Group+job+board
Jobgether - Senior GL Accountant - Lever,Jobgether,Lever,completed,Not Enabled,No,7/21/2026,CFO,https://jobs.lever.co/jobgether/f7fdfb19-c9b3-4fca-95ee-d719ef1660d4
Job Application for Accounting Manager at Lincoln Property Company,Lpc,Greenhouse,completed,Not Enabled,No,7/21/2026,CFO,https://job-boards.greenhouse.io/lpc/jobs/5189579007
Job Application for Accounting Manager at AgWest Farm Credit,Agwestfarmcredit,Greenhouse,completed,Not Enabled,No,7/21/2026,CFO,https://job-boards.greenhouse.io/agwestfarmcredit/jobs/4313133009
Job Application for Lease Accountant at Compeer Financial,Compeerfinancial,Greenhouse,completed,Not Enabled,No,7/21/2026,CFO,https://job-boards.greenhouse.io/compeerfinancial/jobs/5360883008
Senior Accountant - Editorialist - Lever,Editorialist,Lever,completed,Not Enabled,No,7/21/2026,CFO,https://jobs.lever.co/editorialist/4835f7aa-22a4-4a37-bc3c-2a20d9035cfd
Job Application for Senior Accountant at Lincoln Property Company,Lpc,Greenhouse,completed,Not Enabled,No,7/21/2026,CFO,https://job-boards.greenhouse.io/lpc/jobs/5190316007
Financial Reporting at Ping Identity - Senior Accountant - Greenhouse,Pingidentity,Greenhouse,completed,Not Enabled,No,7/21/2026,CFO,http://job-boards.greenhouse.io/pingidentity/jobs/8618246002
Job Application for Senior Accountant II at GHX - Greenhouse,Globalhealthcareexchangeinc,Greenhouse,completed,Not Enabled,No,7/21/2026,CFO,https://job-boards.greenhouse.io/globalhealthcareexchangeinc/jobs/4711977005
Job Application for Staff Accountant - Finance at Holder Construction,Holderconstruction,Greenhouse,completed,Not Enabled,No,7/21/2026,CFO,https://job-boards.greenhouse.io/holderconstruction/jobs/4273440009
Senior Accountant @ Zafran Security - Jobs,Zafran Security,Ashby,completed,Not Enabled,No,7/21/2026,CFO,https://jobs.ashbyhq.com/zafran-security/c7c080bf-24a6-46d6-a599-26ef7f05f06f?embed=js
Accounting Manager @ DLC - Jobs,Dlc Inc,Ashby,completed,Not Enabled,No,7/21/2026,CFO,https://jobs.ashbyhq.com/dlc-inc/a516560e-fb2b-495f-8d4e-497b8a1f0fd0
Jobgether - Senior Accounting Manager - Lever,Jobgether,Lever,completed,Not Enabled,No,7/21/2026,CFO,https://jobs.lever.co/jobgether/678fd231-0891-4217-9311-da159d7ce4f2
Financial Accountant - Mama Money - Lever,Mamamoney,Lever,completed,Not Enabled,No,7/21/2026,CFO,https://jobs.lever.co/mamamoney/8387c434-da80-41ba-ac02-521a55ffa2c8
Closing Coordinator/Staff Accountant - Greenhouse,Brownhavenhomes,Greenhouse,completed,Not Enabled,No,7/21/2026,CFO,https://job-boards.greenhouse.io/brownhavenhomes/jobs/5184532007
Job Application for Certified Public Accountant at Crisp Recruit,Crisprecruit,Greenhouse,completed,Not Enabled,No,7/21/2026,CFO,https://job-boards.greenhouse.io/crisprecruit/jobs/5187039007
Entry Level Assistant Management Accountant - Greenhouse,Thgingenuity,Greenhouse,completed,Not Enabled,No,7/21/2026,CFO,https://job-boards.greenhouse.io/thgingenuity/jobs/4863358101
Jobgether - Senior Accountant - Lever,Jobgether,Lever,completed,Not Enabled,No,7/21/2026,CFO,https://jobs.lever.co/jobgether/92ca88e1-eb34-4d96-bbec-dc441729ccd2
"Senior Project Accountant, Construction - Greenhouse",Rexfordindustrial,Greenhouse,completed,Not Enabled,No,7/21/2026,CFO,https://job-boards.greenhouse.io/rexfordindustrial/jobs/6117741004
Job Application for Accounting Manager at Relativity Space,Relativity,Greenhouse,completed,Not Enabled,No,7/21/2026,CFO,https://job-boards.greenhouse.io/relativity/jobs/8637660002?gh_jid=8637660002
Revenue Accountant @ Notion - Jobs,Notion,Ashby,completed,Not Enabled,No,7/21/2026,CFO,https://jobs.ashbyhq.com/notion/39c352a7-3f90-4704-b2ff-92df50b4ca02
Senior Accountant @ Current - Jobs,Current Advisors,Ashby,completed,Not Enabled,No,7/21/2026,CFO,https://jobs.ashbyhq.com/current-advisors/2de200e9-77f1-4fb1-a031-0305a6213d8e
Job Application for Accountant I at TurnCare™ - Greenhouse,Turncare,Greenhouse,completed,Not Enabled,No,7/21/2026,CFO,https://job-boards.greenhouse.io/turncare/jobs/4275077009
Job Application for Senior Accountant at Flipp - Greenhouse,Flipp,Greenhouse,completed,Not Enabled,No,7/21/2026,CFO,https://job-boards.greenhouse.io/flipp/jobs/8030349
Staff Accountant,Foundation Careers,Rippling,completed,Not Enabled,No,7/21/2026,CFO,https://ats.rippling.com/foundation-careers/jobs/faf2671d-7620-4fae-9f2b-a939b3fcccd9
Accounting Manager - Exowatt - Lever,Exowatt,Lever,completed,Not Enabled,No,7/21/2026,CFO,https://jobs.lever.co/exowatt/a730838a-57bf-4e13-905f-ed413a507918
Senior Revenue Accountant - Greenhouse,Stratacareers,Greenhouse,completed,Not Enabled,No,7/21/2026,CFO,https://job-boards.greenhouse.io/stratacareers/jobs/7808112003?gh_src=4400fb403us
Job Application for Senior Accountant at The New York Times,Thenewyorktimes,Greenhouse,completed,Not Enabled,No,7/21/2026,CFO,https://job-boards.greenhouse.io/thenewyorktimes/jobs/4716441005
Senior Accountant @ DLC - Jobs,Dlc Inc,Ashby,completed,Not Enabled,No,7/21/2026,CFO,https://jobs.ashbyhq.com/dlc-inc/2bc57268-d678-4403-9544-eceba86fd4a3
CAS Senior Accountant @ Simon Lever - Jobs,Simon Lever,Ashby,completed,Not Enabled,No,7/21/2026,CFO,https://jobs.ashbyhq.com/simon-lever/5760f3de-cf0c-41a3-aaab-782057b09fbe
"Job Application for Senior Accountant, Content Accounting at Twitch",Twitch,Greenhouse,completed,Not Enabled,No,7/21/2026,CFO,https://job-boards.greenhouse.io/twitch/jobs/8626660002
Job Application for Staff Accountant at TEGNA Inc. - Greenhouse,Tegnainc,Greenhouse,completed,Not Enabled,No,7/21/2026,CFO,https://job-boards.greenhouse.io/tegnainc/jobs/5173924007?gh_jid=5173924007
Job Application for Senior Accountant (Tax) at Bentleys - Greenhouse,Bentleysph,Greenhouse,completed,Not Enabled,No,7/21/2026,CFO,https://job-boards.greenhouse.io/bentleysph/jobs/4715327005
Revenue Accountant @ Runway - Jobs,Runway Ml,Ashby,completed,Not Enabled,No,7/21/2026,CFO,https://jobs.ashbyhq.com/runway-ml/e27165f8-f71d-4954-9912-8ce7488d6534
Job Application for Staff Accountant - Part-Time at SoundCloud,Soundcloud71,Greenhouse,completed,Not Enabled,No,7/21/2026,CFO,https://job-boards.greenhouse.io/soundcloud71/jobs/8618743002
Staff Accountant (AP/AR) @ Clutch - Jobs,Withclutch,Ashby,completed,Not Enabled,No,7/21/2026,CFO,https://jobs.ashbyhq.com/withclutch/4db6a559-43a7-41ac-898f-7f75369497d4
Senior Accountant - Flow - Lever,Flowlife,Lever,completed,Not Enabled,No,7/21/2026,CFO,https://jobs.lever.co/flowlife/5e804e6f-e8a2-4fdc-832d-357f76ac0e69
Job Application for Senior Accountant at Cool Willy's - Greenhouse,Coolwillys,Greenhouse,completed,Not Enabled,No,7/21/2026,CFO,https://job-boards.greenhouse.io/coolwillys/jobs/4309864009
Senior Accountant @ Clutch - Jobs,Withclutch,Ashby,completed,Not Enabled,No,7/21/2026,CFO,https://jobs.ashbyhq.com/withclutch/37c822f1-1872-46cf-af6a-09ee05c30a4e
Senior Accountant - Financial Reporting (CPA required) - Greenhouse,Ladder33,Greenhouse,completed,Not Enabled,No,7/21/2026,CFO,https://job-boards.greenhouse.io/ladder33/jobs/8067018
Job Application for Senior Accountant at Mercury - Greenhouse,Mercury,Greenhouse,completed,Not Enabled,No,7/21/2026,CFO,https://job-boards.greenhouse.io/mercury/jobs/6100565004
Senior Accountant | Wellspring,Wellspring,Rippling,completed,Not Enabled,No,7/21/2026,CFO,https://ats.rippling.com/wellspring/jobs/bf5a277e-900e-41a6-a68f-34e3c2be1025
Chief Financial Officer @ Cambium - Jobs,Cambium,Ashby,completed,Not Enabled,No,7/21/2026,CFO,https://jobs.ashbyhq.com/cambium/4670ca6a-6f15-4edb-8a10-c0abae11c4bd
Job Application for Group Tax Manager at Scangroup - Greenhouse,Scangroup,Greenhouse,completed,Not Enabled,No,7/20/2026,CFO,https://job-boards.greenhouse.io/scangroup/jobs/8630661002
Job Application for Executive Assistant at Fashion Nova - Greenhouse,Fashionnova,Greenhouse,completed,Not Enabled,No,7/20/2026,CFO,https://job-boards.greenhouse.io/fashionnova/jobs/8027089
"Senior Manager, Executive Communications @ Cohere - Jobs",Cohere,Ashby,completed,Not Enabled,No,7/20/2026,CFO,https://jobs.ashbyhq.com/cohere/854ce13b-5a63-4d19-99e7-756a6e8bb84b
General Accountant - Flow - Lever,Flowlife,Lever,completed,Not Enabled,No,7/20/2026,CFO,https://jobs.lever.co/flowlife/25bca37d-e73b-4899-8148-c2c2f3b11a92?lever-source%5B%5D=jobs.techaviv.com
"Job Application for Associate, Corporate Development at Strand ...",Strandtherapeutics,Greenhouse,completed,Not Enabled,No,7/20/2026,CFO,https://job-boards.greenhouse.io/strandtherapeutics/jobs/6115696004
Job Application for Controller at Scout Space - Greenhouse,Scoutspace,Greenhouse,completed,Not Enabled,No,7/20/2026,CFO,https://job-boards.greenhouse.io/scoutspace/jobs/5358515008
Job Application for General Counsel at CoreView - Greenhouse,Coreview,Greenhouse,completed,Not Enabled,No,7/20/2026,CFO,https://job-boards.greenhouse.io/coreview/jobs/4315280009
"Job Application for Finance Manager, FP&A at HSP Group",Hspgroup,Greenhouse,completed,Not Enabled,No,7/20/2026,CFO,https://job-boards.greenhouse.io/hspgroup/jobs/5293872008
"Greenlight Financial Technology - Senior Director, Strategic Finance",Greenlight,Lever,completed,Not Enabled,No,7/20/2026,CFO,https://jobs.lever.co/greenlight/d8011bbe-cafe-4ec6-9181-454291aec542
"Vice President, Revenue Cycle Management - Greenhouse",Freenome,Greenhouse,completed,Not Enabled,No,7/20/2026,CFO,https://job-boards.greenhouse.io/freenome/jobs/8628754002
"Job Application for Vice President, Corporate Controller at AirSculpt",Airsculpt,Greenhouse,completed,Not Enabled,No,7/20/2026,CFO,https://job-boards.greenhouse.io/airsculpt/jobs/7799812003?source=remote.com&utm_source=remote.com&ref=remote.com
Job Application for Senior Financial Controller at The Pharmacy Hub,Thepharmacyhub,Greenhouse,completed,Not Enabled,No,7/20/2026,CFO,https://job-boards.greenhouse.io/thepharmacyhub/jobs/5344476008
Jobgether - Financial Controller - Lever,Jobgether,Lever,completed,Not Enabled,No,7/20/2026,CFO,https://jobs.lever.co/jobgether/945d6b85-8742-43b3-a638-e4b018bc33da
Chief Financial Officer @ Council Capital - Jobs,Council Capital,Ashby,completed,Not Enabled,No,7/20/2026,CFO,https://jobs.ashbyhq.com/council-capital/ddd5a7a5-65b8-4220-8e80-371168aa0c9a
Job Application for Chief Financial Officer at Blue Star Families,Bluestarfamilies,Greenhouse,completed,Not Enabled,No,7/20/2026,CFO,https://job-boards.greenhouse.io/bluestarfamilies/jobs/5362922008
Director of Financial Planning & Analysis (FP&A) - Greenhouse,Systemstechnologyresearch,Greenhouse,completed,Not Enabled,No,7/20/2026,CFO,https://job-boards.greenhouse.io/systemstechnologyresearch/jobs/4694693006
Job Application for Executive Assistant (Finance) at Loenbro,Loenbro,Greenhouse,completed,Not Enabled,No,7/20/2026,CFO,https://job-boards.greenhouse.io/loenbro/jobs/4321278009
Senior Accountant | Zion HealthShare,Zion Healthshare,Rippling,completed,Not Enabled,No,7/20/2026,CFO,https://ats.rippling.com/zion-healthshare/jobs/cce28b9f-f635-4447-819a-d9f7d6ef33c5
Senior Executive Assistant: CFO + Sr Finance Leadership,Boulevard,Greenhouse,completed,Not Enabled,No,7/20/2026,CFO,https://job-boards.greenhouse.io/boulevard/jobs/4685033006
"Financial Controller, Uganda @ Talent Safari - Jobs",Talentsafari,Ashby,completed,Not Enabled,No,7/20/2026,CFO,https://jobs.ashbyhq.com/talentsafari/06aab7aa-c828-43d4-b02f-cb0ba3e868c9
Financial Controller - Platform @ SKELAR - Jobs,Skelar,Ashby,completed,Not Enabled,No,7/20/2026,CFO,https://jobs.ashbyhq.com/SKELAR/6429b1fc-4164-45bc-ac61-dad27e09445f
"Product Financial Controller, Balance Platform - Greenhouse",Adyen,Greenhouse,completed,Not Enabled,No,7/20/2026,CFO,https://job-boards.greenhouse.io/adyen/jobs/8045830
Job Application for Regional Financial Controller at OLIVER Agency,Oliverseapac,Greenhouse,completed,Not Enabled,No,7/20/2026,CFO,https://job-boards.greenhouse.io/oliverseapac/jobs/8063896
Financial Controller- California Computer Options - Greenhouse,Lyratechgroup,Greenhouse,completed,Not Enabled,No,7/20/2026,CFO,https://job-boards.greenhouse.io/lyratechgroup/jobs/5296912008
Avalere Health - Finance Director - Lever,Avalerehealth,Lever,completed,Not Enabled,No,7/20/2026,CFO,https://jobs.lever.co/avalerehealth/0492f6e5-e82a-4b1f-8333-ccb5c989e1f7
Job Application for Chief Financial Officer at Orchard - Greenhouse,Orchard,Greenhouse,completed,Not Enabled,No,7/20/2026,CFO,https://job-boards.greenhouse.io/orchard/jobs/8625411002
"Job Application for Senior Software Engineer, Data Products at Forter",Forter,Greenhouse,completed,Not Enabled,No,3/31/2026,Word Resume,http://job-boards.greenhouse.io/forter/jobs/8457048002
Senior FinOps Account Manager @ CloudZero - Jobs,Cloudzero,Ashby,completed,Not Enabled,No,3/31/2026,Word Resume,https://jobs.ashbyhq.com/CloudZero/296db16a-1ca1-4867-885d-8ffd7645a1f5
Security Engineer @ Forward Financing - Jobs,Forward Financing,Ashby,completed,Not Enabled,No,3/31/2026,Word Resume,https://jobs.ashbyhq.com/Forward%20Financing/b73d1de6-edc0-4638-91b6-8f72e7a1a73a
Job Application for IT Systems Engineer at QuillBot - Greenhouse,Quillbot,Greenhouse,completed,Not Enabled,No,3/31/2026,Word Resume,http://job-boards.greenhouse.io/quillbot/jobs/7760752
ML Research Engineer (Model Training) @ Metamorphic - Jobs,Metamorphic,Ashby,completed,Not Enabled,No,3/31/2026,Word Resume,https://jobs.ashbyhq.com/metamorphic/b5cd911f-6387-4cc0-b8e5-b77f6bdfb4d6
Senior IAM Engineer @ Allica Bank - Jobs,Allica Bank,Ashby,completed,Not Enabled,No,3/31/2026,Word Resume,https://jobs.ashbyhq.com/allica-bank/e3803d33-ba60-4c71-a51e-a09adf90a7b5
DevSecOps Engineer @ Spear AI - Jobs,Spear Ai,Ashby,completed,Not Enabled,No,3/31/2026,Word Resume,https://jobs.ashbyhq.com/spear-ai/dc756f51-3761-493b-b76e-781ab27b302c
Job Application for Salesforce Commerce Cloud Engineer at VML ...,Vmlenterprisesolutions,Greenhouse,completed,Not Enabled,No,3/31/2026,Word Resume,https://job-boards.greenhouse.io/vmlenterprisesolutions/jobs/8467308002
Developer Advocate @ Kestra Technologies - Jobs,Kestra,Ashby,completed,Not Enabled,No,3/31/2026,Word Resume,https://jobs.ashbyhq.com/kestra/21f1ffcd-ecc3-402c-8ab3-0e2cf19ab461
Job Application for AI Automation Engineer at Super Technologies,Superbet,Greenhouse,completed,Not Enabled,No,3/31/2026,Word Resume,https://job-boards.greenhouse.io/superbet/jobs/4821514101
Data Platform Engineer – Build the Backbone of AI at Capco,Capco,Greenhouse,completed,Not Enabled,No,3/31/2026,Word Resume,http://job-boards.greenhouse.io/capco/jobs/7698909
Job Application for Staff Software Engineer at Nubank - Greenhouse,Nubank,Greenhouse,completed,Not Enabled,No,3/31/2026,Word Resume,http://job-boards.greenhouse.io/nubank/jobs/7707100
Senior Cloud Engineer – ELERA Platform (AI-Enabled Reliability ...,Toshibaglobalcommercesolutions,Greenhouse,completed,Not Enabled,No,3/31/2026,Word Resume,http://job-boards.greenhouse.io/toshibaglobalcommercesolutions/jobs/5088993007
DevOps Engineer - Platform Automation (TS/SCI Clearance Required),Northpointtechnology,Greenhouse,completed,Not Enabled,No,3/31/2026,Word Resume,http://job-boards.greenhouse.io/northpointtechnology/jobs/8456047002
Customer Cloud Engineer @ Hawk - Jobs,Hawk,Ashby,completed,Not Enabled,No,3/31/2026,Word Resume,https://jobs.ashbyhq.com/hawk/19b86c8c-4023-4d5e-b7f6-a94f6eb41dfe
Senior Platform Engineer (DevSecOps) @ 9fin - Jobs,9fin,Ashby,completed,Not Enabled,No,3/31/2026,Word Resume,https://jobs.ashbyhq.com/9fin/1980b805-49d3-41ee-b718-b4c5c8d3e168
Platform Engineer - Quality/SDET @ Lyric - Jobs,Lyric,Ashby,completed,Not Enabled,No,3/31/2026,Word Resume,https://jobs.ashbyhq.com/lyric/9a64e45b-e79d-4ad7-8e9f-8fcb94959798
Job Application for Robotics Platform Engineer at Formic,Formic,Greenhouse,completed,Not Enabled,No,3/31/2026,Word Resume,https://job-boards.greenhouse.io/formic/jobs/4667581006
Job Application for Cloud Infra/DevOps Engineer at AvePoint,Avepoint,Greenhouse,completed,Not Enabled,No,3/31/2026,Word Resume,https://job-boards.greenhouse.io/avepoint/jobs/6771887?utm_source=bandana
"Staff/Senior Engineer, Infrastructure(Citizen Developer) @ Airwallex",Airwallex,Ashby,completed,Not Enabled,No,3/31/2026,Word Resume,https://jobs.ashbyhq.com/airwallex/ae03bd35-b559-4d77-ab77-75d3fe376770
"Job Application for Senior Data Platform Engineer, ISS - Greenhouse",Purestorage,Greenhouse,completed,Not Enabled,No,3/31/2026,Word Resume,https://job-boards.greenhouse.io/purestorage/jobs/7406487
Augur Security - Backend & DevOps Engineer (Mid-level) @ Silver.dev,Silver,Ashby,completed,Not Enabled,No,3/31/2026,Word Resume,https://jobs.ashbyhq.com/Silver/81539705-af8f-4892-b84d-a366eb9c6a8e
Senior Frontend Platform Engineer - SF Only @ TRM Labs - Jobs,Trm Labs,Ashby,completed,Not Enabled,No,3/31/2026,Word Resume,https://jobs.ashbyhq.com/trm-labs/965ce806-953d-4dd3-a14d-86a805f210e6
"Job Application for Senior DevOps Engineer at Keyfactor, Inc.",Keyfactorinc,Greenhouse,completed,Not Enabled,No,3/31/2026,Word Resume,http://job-boards.greenhouse.io/keyfactorinc/jobs/5841062004
Job Application for Cloud Engineer at Arena.im - Greenhouse,Arenaim,Greenhouse,completed,Not Enabled,No,3/31/2026,Word Resume,https://job-boards.greenhouse.io/arenaim/jobs/4677411005
Senior CI/CD Platform Engineer @ Scorewarrior - Jobs,Scorewarrior,Ashby,completed,Not Enabled,No,3/31/2026,Word Resume,https://jobs.ashbyhq.com/scorewarrior/310c6308-ad63-40df-ab1b-14b876568cf5
Senior AWS and Azure DevOps Engineer (SRE) with AI - Greenhouse,Xebiacee,Greenhouse,completed,Not Enabled,No,3/31/2026,Word Resume,http://job-boards.greenhouse.io/xebiacee/jobs/5836951004
Job Application for Senior DevOps Engineer at SmithRx - Greenhouse,Smithrx,Greenhouse,completed,Not Enabled,No,3/31/2026,Word Resume,http://job-boards.greenhouse.io/smithrx/jobs/8477046002
Senior DevOps Engineer,Uniuni,Rippling,completed,Not Enabled,No,3/31/2026,Word Resume,https://ats.rippling.com/en-US/uniuni/jobs/8a0d161e-6808-41f8-8805-36ad32cfddcc
Senior DevOps Engineer @ Interrahealth - Jobs,Interrahealth,Ashby,completed,Not Enabled,No,3/31/2026,Word Resume,https://jobs.ashbyhq.com/Interrahealth/1d5601ce-1ab7-4af5-a231-1f5db18c59c8
Job Application for Platform Engineer at PlayStation Global,Sonyinteractiveentertainmentglobal,Greenhouse,completed,Not Enabled,No,3/31/2026,Word Resume,http://job-boards.greenhouse.io/sonyinteractiveentertainmentglobal/jobs/5831487004
Platform Engineer @ E2B - Jobs,E2b,Ashby,completed,Not Enabled,No,3/31/2026,Word Resume,https://jobs.ashbyhq.com/e2b/ab44a84f-4467-438a-a26c-2420237c54e2
Job Application for Platform Engineer at Vectara - Greenhouse,Vectara,Greenhouse,completed,Not Enabled,No,3/31/2026,Word Resume,http://job-boards.greenhouse.io/vectara/jobs/5165682008
Job Application for Platform Engineer at Hark - Greenhouse,Hark,Greenhouse,completed,Not Enabled,No,3/31/2026,Word Resume,http://job-boards.greenhouse.io/hark/jobs/4185891009
"Platform Engineer, Windows Infrastructure - Greenhouse",Simplesense,Greenhouse,completed,Not Enabled,No,3/31/2026,Word Resume,https://job-boards.greenhouse.io/simplesense/jobs/4186845009
2026 Summer Internship - DevOps Engineer - Greenhouse,Dvtrading,Greenhouse,completed,Not Enabled,No,3/31/2026,Word Resume,http://job-boards.greenhouse.io/dvtrading/jobs/4677094005
Cloud Engineer (Platform & Infrastructure) - Greenhouse,Gatherai,Greenhouse,completed,Not Enabled,No,3/31/2026,Word Resume,https://job-boards.greenhouse.io/gatherai/jobs/5079136007
Job Application for DevOps Engineer - Remote at FormativGroup,Formativgroup,Greenhouse,completed,Not Enabled,No,3/31/2026,Word Resume,http://job-boards.greenhouse.io/formativgroup/jobs/4204399009
Platform/DevOps Engineer @ Unto Labs - Jobs,Unto Labs,Ashby,completed,Not Enabled,No,3/31/2026,Word Resume,https://jobs.ashbyhq.com/unto-labs/4652a6a6-15db-4d5d-bf27-e2bdb98a622d
Platform Engineer @ Quantum - Jobs,Quantum,Ashby,completed,Not Enabled,No,3/31/2026,Word Resume,https://jobs.ashbyhq.com/quantum/53cbee65-e473-4207-8d0d-541568e5bbe4
Platform Engineer (Cloud-Native AI/ML Systems Integration),Rackner,Greenhouse,completed,Not Enabled,No,3/31/2026,Word Resume,http://job-boards.greenhouse.io/rackner/jobs/4676544005
DevOps - Platform Engineer @ August Health - Jobs,August Health,Ashby,completed,Not Enabled,No,3/31/2026,Word Resume,https://jobs.ashbyhq.com/august-health/72c9f58b-4712-4c7d-9e4f-b1b5fcef826c
"Senior Python AI Software Engineer (Contract, Romania)",Nearform,Greenhouse,completed,Not Enabled,No,3/31/2026,Word Resume,http://job-boards.greenhouse.io/nearform/jobs/7680355003
"Senior AI Python Software Engineer (Perm, Canada, Remote + Travel)",Nearform,Greenhouse,completed,Not Enabled,No,3/31/2026,Word Resume,https://job-boards.greenhouse.io/nearform/jobs/7677599003
"Senior Python AI Software Engineer (Perm, Romania) - Greenhouse",Nearform,Greenhouse,completed,Not Enabled,No,3/31/2026,Word Resume,http://job-boards.greenhouse.io/nearform/jobs/7680363003
"Senior JavaScript Software Engineer (Perm, UK, Remote)",Nearform,Greenhouse,completed,Not Enabled,No,3/31/2026,Word Resume,https://job-boards.greenhouse.io/nearform/jobs/7680356003
"Senior Python AI Software Engineer (Contract, Poland) - Greenhouse",Nearform,Greenhouse,completed,Not Enabled,No,3/31/2026,Word Resume,https://job-boards.greenhouse.io/nearform/jobs/7680255003
Job Application for Junior Dev Ops Engineer at PlayStation Global,Sonyinteractiveentertainmentglobal,Greenhouse,completed,Not Enabled,No,3/31/2026,Word Resume,https://job-boards.greenhouse.io/sonyinteractiveentertainmentglobal/jobs/5834422004
Azure Cloud Engineer - Rippling,Kuvare Jobs,Rippling,completed,Not Enabled,No,3/31/2026,Word Resume,https://ats.rippling.com/kuvare-jobs/jobs/335dc679-75b1-4187-bb9c-998d032a2db3
Job Application for (EG0011) Lead DevOps Engineer at Nortal,Nearsure,Greenhouse,completed,Not Enabled,No,3/31/2026,Word Resume,https://job-boards.greenhouse.io/nearsure/jobs/5090677007
"Principal DevOps Engineer I, Delphix - Perforce - Lever",Perforce,Lever,completed,Not Enabled,No,3/31/2026,Word Resume,https://jobs.lever.co/perforce/031f3bac-263d-4a86-9b02-9e62f472ef23/apply
Senior Azure DevOps Engineer with .NET background - Greenhouse,Xebiacee,Greenhouse,completed,Not Enabled,No,3/31/2026,Word Resume,http://job-boards.greenhouse.io/xebiacee/jobs/5836816004
Staff SRE/DevOps Engineer (Platform Reliability & Security),Trase,Greenhouse,completed,Not Enabled,No,3/31/2026,Word Resume,https://job-boards.greenhouse.io/trase/jobs/5086004007
Job Application for Staff DevOps Engineer at Bluefish AI - Greenhouse,Bluefishai,Greenhouse,completed,Not Enabled,No,3/31/2026,Word Resume,https://job-boards.greenhouse.io/bluefishai/jobs/5161413008
DevOps Engineer @ LiteLLM - Jobs,Litellm,Ashby,completed,Not Enabled,No,3/31/2026,Word Resume,https://jobs.ashbyhq.com/litellm/0b7a3b2f-41a5-44b9-a2a7-a44c11ed640c
Job Application for Senior DevOps Engineer at Shift4 Lithuania,Shift4lithuania,Greenhouse,completed,Not Enabled,No,3/31/2026,Word Resume,https://job-boards.greenhouse.io/shift4lithuania/jobs/5034023007
Senior DevOps Engineer (Azure) - Internal - Greenhouse,Techholding,Greenhouse,completed,Not Enabled,No,3/31/2026,Word Resume,https://job-boards.greenhouse.io/techholding/jobs/4678733005
Senior DevOps Engineer @ IT Labs - Jobs,It Labs,Ashby,completed,Not Enabled,No,3/31/2026,Word Resume,https://jobs.ashbyhq.com/it%20labs/ebc6c45b-5892-4187-88f1-5695c5d1abdb
"Senior DevOps Engineer (New York City, Los Angeles, or San ...",Regard,Ashby,completed,Not Enabled,No,3/31/2026,Word Resume,https://jobs.ashbyhq.com/regard/ec76bf0c-d7b0-472d-ab0a-89ae08632f52/application
Job Application for DevOps Engineer at Remote People - Greenhouse,Remotepeople,Greenhouse,completed,Not Enabled,No,3/31/2026,Word Resume,https://job-boards.greenhouse.io/remotepeople/jobs/4824362101
Job Application for Senior DevOps Engineer at RADAR - Greenhouse,Radar,Greenhouse,completed,Not Enabled,No,3/31/2026,Word Resume,https://job-boards.greenhouse.io/radar/jobs/7760213
Job Application for Cloud DevOps Engineer at Accenture Federal ...,Accenturefederalservices,Greenhouse,completed,Not Enabled,No,3/25/2026,Senior DevOps Engineer,https://job-boards.greenhouse.io/accenturefederalservices/jobs/4662623006?gh_jid=4662623006
Senior Staff Site Reliability Engineer - Greenhouse,Pingidentity,Greenhouse,completed,Not Enabled,No,3/25/2026,Senior DevOps Engineer,http://job-boards.greenhouse.io/pingidentity/jobs/8442613002
Job Application for Site Reliability Engineer at Planet - Greenhouse,Planetlabs,Greenhouse,completed,Not Enabled,No,3/25/2026,Senior DevOps Engineer,https://job-boards.greenhouse.io/planetlabs/jobs/7644580
Job Application for Senior DevOps Engineer at Gong.io - Greenhouse,Gongio,Greenhouse,completed,Not Enabled,No,3/25/2026,Senior DevOps Engineer,https://job-boards.greenhouse.io/gongio/jobs/4666266006
Staff Site Reliability Engineer - Cloud Platform & Vehicle Telemetry,Ridealso,Ashby,completed,Not Enabled,No,3/25/2026,Senior DevOps Engineer,https://jobs.ashbyhq.com/Ridealso/0ecb97df-e9f2-4166-9b3f-233bf98bc8dd
Job Application for Staff SRE Engineer at Flowcode - Greenhouse,Flowcode,Greenhouse,completed,Not Enabled,No,3/25/2026,Senior DevOps Engineer,https://job-boards.greenhouse.io/flowcode/jobs/4675498005
Job Application for Senior Cloud Engineer I at American Institutes for ...,Americaninstitutesforresearch,Greenhouse,completed,Not Enabled,No,3/25/2026,Senior DevOps Engineer,https://job-boards.greenhouse.io/americaninstitutesforresearch/jobs/5147920008
Job Application for Senior Site Reliability Engineer at Braze,Braze,Greenhouse,completed,Not Enabled,No,3/25/2026,Senior DevOps Engineer,http://job-boards.greenhouse.io/braze/jobs/7602205
Job Application for Senior DevOps Engineer at Private Identity,Privateidentity,Greenhouse,completed,Not Enabled,No,3/25/2026,Senior DevOps Engineer,http://job-boards.greenhouse.io/privateidentity/jobs/4193542009
DevOps Engineer @ KP Reddy Co. - Jobs,Kpr,Ashby,completed,Not Enabled,No,3/25/2026,Senior DevOps Engineer,https://jobs.ashbyhq.com/kpr/273f29ae-789d-46d6-b928-b38853b57a3e
Site Reliability Engineer,Coterie Careers,Rippling,completed,Not Enabled,No,3/25/2026,Senior DevOps Engineer,https://ats.rippling.com/coterie-careers/jobs/d8b1c9df-3b1a-46c4-9830-e3798d376917
Job Application for Devops Engineer Principal at Sagent - Greenhouse,Sagent,Greenhouse,completed,Not Enabled,No,3/25/2026,Senior DevOps Engineer,https://job-boards.greenhouse.io/sagent/jobs/5834623004
Job Application for SecOps Engineer at Altium - Greenhouse,Altium,Greenhouse,completed,Not Enabled,No,3/25/2026,Word Resume,https://job-boards.greenhouse.io/altium/jobs/4657368006
Job Application for Quality Assurance Analyst at WorldStrides,World4822stri986des,Greenhouse,completed,Not Enabled,No,3/25/2026,Word Resume,http://job-boards.greenhouse.io/world4822stri986des/jobs/5148386008
"Senior Software Engineer (AI / ML, Python) (Perm, London)",Nearform,Greenhouse,completed,Not Enabled,No,3/25/2026,Word Resume,https://job-boards.greenhouse.io/nearform/jobs/7672369003
Job Application for QA Engineer Junior at WorldStrides - Greenhouse,World4822stri986des,Greenhouse,completed,Not Enabled,No,3/25/2026,Word Resume,http://job-boards.greenhouse.io/world4822stri986des/jobs/5154008008
DevOps (m/f/d) @ Yepoda - Jobs,Yepoda,Ashby,completed,Not Enabled,No,3/25/2026,Word Resume,https://jobs.ashbyhq.com/yepoda/237d7253-058b-430e-8a74-8b609e625297
realworld one - Senior DevOps Engineer - Lever,Rw1,Lever,completed,Not Enabled,No,3/25/2026,Word Resume,https://jobs.lever.co/rw1/110ce2d4-cd8b-4b4c-90fe-f477cc6488a4/apply?utm_source=arbeitnow.com
DevOps Engineer @ Swap - Jobs,Swap,Ashby,completed,Not Enabled,No,3/25/2026,Word Resume,https://jobs.ashbyhq.com/swap/ba796ff1-4b2c-4630-9371-ec73d637b786/application?utm_source=4Dk1M3Q3YB
Stable Money - DevOps Engineer - Lever,Stable Money1,Lever,completed,Not Enabled,No,3/24/2026,Word Resume,https://jobs.lever.co/stable-money1/8735f88f-7a6f-4586-95f4-15de5265a64a/apply
Job Application for Senior DevOps Engineer at BrainRocket,Brainrocketltd,Greenhouse,completed,Not Enabled,No,3/24/2026,Word Resume,https://job-boards.greenhouse.io/brainrocketltd/jobs/4646584101
DevOps Multicloud @ Techtorch - Jobs,Techtorch,Ashby,completed,Not Enabled,No,3/24/2026,Word Resume,https://jobs.ashbyhq.com/techtorch/ceb24fbe-9518-4045-9671-8d0b91a0b2d9
Job Application for Azure DevOps Engineer at Capco - Greenhouse,Capco,Greenhouse,completed,Not Enabled,No,3/24/2026,Word Resume,http://job-boards.greenhouse.io/capco/jobs/7727164
DevOps Engineer - AWS/Ansible/Linux/Python - Greenhouse,Captivation,Greenhouse,completed,Not Enabled,No,3/24/2026,Word Resume,https://job-boards.greenhouse.io/captivation/jobs/4694879008?gh_jid=4694879008
DevOps Lead - AI Trainer - Freelance - 8-20hrs/week - Remote - Jobs,10xteam,Ashby,completed,Not Enabled,No,3/24/2026,Word Resume,https://jobs.ashbyhq.com/10xteam/1318bb44-d731-4b83-bf7a-90914097db8d
Job Application for DevOps Engineer at Dark Wolf Solutions,Darkwolfsolutions,Greenhouse,completed,Not Enabled,No,3/24/2026,Word Resume,http://job-boards.greenhouse.io/darkwolfsolutions/jobs/7672377003
Senior DevOps Engineer @ webAI - Jobs,Webai,Ashby,completed,Not Enabled,No,3/24/2026,Word Resume,https://jobs.ashbyhq.com/webAI/1854341f-3e5c-4eb6-9cec-569563c18d69/application
"DevOps Engineer, Infrastructure & Security - Greenhouse",Scaleai,Greenhouse,completed,Not Enabled,No,3/24/2026,Word Resume,https://job-boards.greenhouse.io/scaleai/jobs/4674863005
Job Application for Senior DevOps Engineer at Karbon - Greenhouse,Karbon,Greenhouse,completed,Not Enabled,No,3/24/2026,Word Resume,http://job-boards.greenhouse.io/karbon/jobs/5831170004
Job Application for Senior DevOps Engineer at Private Identity,Privateidentity,Greenhouse,completed,Not Enabled,No,3/24/2026,Word Resume,https://job-boards.greenhouse.io/privateidentity/jobs/4193542009
Senior Data Platform Engineer (Python/AWS) - Finance @ Truelogic,Truelogic,Ashby,completed,Not Enabled,No,3/23/2026,Word Resume,https://jobs.ashbyhq.com/truelogic/f7190a15-9b92-49a5-8abf-749e9fa50d4c
Senior Platform Engineer @ Intangible - Jobs,Intangible.ai,Ashby,completed,Not Enabled,No,3/23/2026,Word Resume,https://jobs.ashbyhq.com/intangible.ai/68f75103-fda3-4d5f-aa13-7dbbcd11cef4
Job Application for DevOps Engineer at Freedom ... - Greenhouse,Freedomconsulting,Greenhouse,completed,Not Enabled,No,3/23/2026,Word Resume,https://job-boards.greenhouse.io/freedomconsulting/jobs/5083152007
"Senior Software Engineer, Platform - Greenhouse",Privateer,Greenhouse,completed,Not Enabled,No,3/23/2026,Word Resume,https://job-boards.greenhouse.io/privateer/jobs/5149584008
Senior Platform Engineer @ Polar - Jobs,Polar,Ashby,completed,Not Enabled,No,3/23/2026,Word Resume,https://jobs.ashbyhq.com/polar/8a82633e-e7b9-42f4-92e1-33032a56097a
Job Application for Platform Engineer (Cloud) at Qube Research ...,Quberesearchandtechnologies,Greenhouse,completed,Not Enabled,No,3/23/2026,Word Resume,https://job-boards.greenhouse.io/quberesearchandtechnologies/jobs/8454770002
Job Application for Field Data Platform Engineer at M9 Solutions,M9solutions,Greenhouse,completed,Not Enabled,No,3/23/2026,Word Resume,https://job-boards.greenhouse.io/m9solutions/jobs/5067010007
Job Application for Senior Platform Engineer at Clutch ... - Greenhouse,Clutch,Greenhouse,completed,Not Enabled,No,3/23/2026,Word Resume,https://job-boards.greenhouse.io/clutch/jobs/5819060004
Senior Backend / Platform Engineer @ Causa Prima - Jobs,Causaprima,Ashby,completed,Not Enabled,No,3/23/2026,Word Resume,https://jobs.ashbyhq.com/causaprima/8af57abc-403a-4b57-8070-07d9382c670b
"Job Application for Platform Engineer, C/FICCO at DRW - Greenhouse",Drweng,Greenhouse,completed,Not Enabled,No,3/23/2026,Word Resume,https://job-boards.greenhouse.io/drweng/jobs/7696484
Staff Platform Engineer @ Joko - Jobs,Joko,Ashby,completed,Not Enabled,No,3/23/2026,Word Resume,https://jobs.ashbyhq.com/joko/b83d7f0f-a0d0-4dc6-b305-7d9336e4d389
Job Application for Platform Engineer at Jensen Hughes - Greenhouse,Jensenhughes,Greenhouse,completed,Not Enabled,No,3/23/2026,Word Resume,https://job-boards.greenhouse.io/jensenhughes/jobs/5161041008
Job Application for Senior Platform Engineer - Remote at Clara,Clara,Greenhouse,completed,Not Enabled,No,3/23/2026,Word Resume,https://job-boards.greenhouse.io/clara/jobs/5082649007
Software Engineer / Platform Engineer (GCC contractor role),Avepoint,Greenhouse,completed,Not Enabled,No,3/23/2026,Word Resume,https://job-boards.greenhouse.io/avepoint/jobs/7738463
Data Platform Engineer @ Treeswift Inc - Jobs,Treeswift,Ashby,completed,Not Enabled,No,3/23/2026,Word Resume,https://jobs.ashbyhq.com/treeswift/12f0df75-2829-462e-a458-d6a156524f85
Client Platform Engineer @ Reliable Robotics Corporation - Jobs,Reliable Robotics,Ashby,completed,Not Enabled,No,3/23/2026,Word Resume,https://jobs.ashbyhq.com/reliable-robotics/239225ab-f697-4b1a-85f6-2b16989d60e2
Senior Platform Engineer @ Propel - Jobs,Propel,Ashby,completed,Not Enabled,No,3/23/2026,Word Resume,https://jobs.ashbyhq.com/propel/11265618-fbca-405c-b52f-a9b85ffe6aed
Cloud Platform Engineer (PaaS) - Greenhouse,D2consulting,Greenhouse,completed,Not Enabled,No,3/23/2026,Word Resume,https://job-boards.greenhouse.io/d2consulting/jobs/5137647008
Senior Platform Engineer @ Pivotal Health - Jobs,Pivotal Health,Ashby,completed,Not Enabled,No,3/23/2026,Word Resume,https://jobs.ashbyhq.com/pivotal-health/60ea143b-e7eb-4690-87f3-ee3c61cc6771?embed=js
Senior Platform Engineer @ Percepta - Jobs,Percepta,Ashby,completed,Not Enabled,No,3/23/2026,Word Resume,https://jobs.ashbyhq.com/percepta/7d3b421e-ac78-48a4-8b79-77a64a17dbf7
Job Application for Senior Platform Engineer at Kikoff - Greenhouse,Kikoff,Greenhouse,completed,Not Enabled,No,3/23/2026,Word Resume,https://job-boards.greenhouse.io/kikoff/jobs/4147724009
Staff Embedded Client Platform Engineer - Greenhouse,Alphasense,Greenhouse,completed,Not Enabled,No,3/23/2026,Word Resume,https://job-boards.greenhouse.io/alphasense/jobs/8453226002
"Member of Technical Staff, Backend/Platform Engineer - Greenhouse",Fireworksai,Greenhouse,completed,Not Enabled,No,3/23/2026,Word Resume,https://job-boards.greenhouse.io/fireworksai/jobs/4177932009
Job Application for CV/ML Platform Engineer at Allen Control Systems,Allencontrolsystems,Greenhouse,completed,Not Enabled,No,3/23/2026,Word Resume,https://job-boards.greenhouse.io/allencontrolsystems/jobs/5156551008
"Senior Frontend Platform Engineer, App Platform - Greenhouse",Calendly,Greenhouse,completed,Not Enabled,No,3/23/2026,Word Resume,https://job-boards.greenhouse.io/calendly/jobs/8440796002?gh_src=sm4emg6r2us
Platform Engineer @ Faculty - Jobs,Faculty,Ashby,completed,Not Enabled,No,3/23/2026,Word Resume,https://jobs.ashbyhq.com/faculty/ffb24889-b115-4f6e-8d69-cc385b95dac7
"Embedded Platform Engineer @ Valinor Enterprises, Inc. - Jobs",Valinor,Ashby,completed,Not Enabled,No,3/23/2026,Word Resume,https://jobs.ashbyhq.com/valinor/5969ee4e-dbea-40cc-a23d-b16708da893e
Job Application for AI Platform Engineer at Superhuman - Greenhouse,Grammarly,Greenhouse,completed,Not Enabled,No,3/23/2026,Word Resume,https://job-boards.greenhouse.io/grammarly/jobs/7630392
Staff Platform Engineer | Beam Benefits,Beam Benefits,Rippling,completed,Not Enabled,No,3/23/2026,Word Resume,https://ats.rippling.com/beam-benefits/jobs/d8a550a8-b0ee-4794-a1c9-0cb2f6dcc35c
Location Platform Engineer @ amo - Jobs,Amo,Ashby,completed,Not Enabled,No,3/23/2026,Word Resume,https://jobs.ashbyhq.com/amo/8b192c9b-cf5c-4440-935f-765f8e987c1a
Senior Platform Engineer @ Condukt - Jobs,Condukt,Ashby,completed,Not Enabled,No,3/23/2026,Word Resume,https://jobs.ashbyhq.com/condukt/4ba12d27-6bcb-48aa-81fc-b04a90677868?embed=js
Job Application for Platform Engineer at Typeform - Greenhouse,Typeform,Greenhouse,completed,Not Enabled,No,3/23/2026,Word Resume,https://job-boards.greenhouse.io/typeform/jobs/7613636
Platform Engineer @ Curri - Jobs,Curri,Ashby,completed,Not Enabled,No,3/23/2026,Word Resume,https://jobs.ashbyhq.com/curri/a9b0e60c-ce82-43ff-a291-bb3c96b5f99a
Platform Engineer (DevOps) @ Cernel - Jobs,Cernel,Ashby,completed,Not Enabled,No,3/23/2026,Word Resume,https://jobs.ashbyhq.com/cernel/b47dd9e0-74c2-4525-b7bf-76e5afca7388
External Product Manager @ Lambda - Jobs,Lambda,Ashby,completed,Not Enabled,No,3/23/2026,Word Resume,https://jobs.ashbyhq.com/lambda/a78dfe47-1176-4da7-b9da-0e18551ea434
GTM Lead Engineer @ Fyxer - Jobs,Fyxer,Ashby,completed,Not Enabled,No,3/23/2026,Word Resume,https://jobs.ashbyhq.com/fyxer/7d67ecb5-7a2a-4c38-84aa-cfa3a3cc98c4?device_id=184c48f3-8cd6-42b7-8179-2f60d2032bfd
ML Infra Engineer (Data) @ Rhoda ai - Jobs,Rhoda Ai,Ashby,completed,Not Enabled,No,3/23/2026,Word Resume,https://jobs.ashbyhq.com/rhoda-ai/c90321f2-5085-4f99-ac13-0de996ba1dd1
Senior Product Manager (Kestra Cloud) - Jobs,Kestra,Ashby,completed,Not Enabled,No,3/23/2026,Word Resume,https://jobs.ashbyhq.com/kestra/1508bfb1-465d-43f5-ae91-ae939a9f3409
"Software Engineer, Platform & Infrastructure @ Spellbook - Jobs",Spellbook.legal,Ashby,completed,Not Enabled,No,3/23/2026,Word Resume,https://jobs.ashbyhq.com/spellbook.legal/22a80c7b-2e4d-4f89-834d-db7d3387a5c8
"Emulation Engineer, Automotive Robotics - Greenhouse",Tenstorrent,Greenhouse,completed,Not Enabled,No,3/23/2026,Word Resume,https://job-boards.greenhouse.io/tenstorrent/jobs/5064099007
Job Application for Windows Infrastructure Engineer at Qube ...,Quberesearchandtechnologies,Greenhouse,completed,Not Enabled,No,3/23/2026,Word Resume,https://job-boards.greenhouse.io/quberesearchandtechnologies/jobs/8439678002
Job Application for Infrastructure Engineer at Eclipse Trading,Eclipsetrading,Greenhouse,completed,Not Enabled,No,3/23/2026,Word Resume,https://job-boards.greenhouse.io/eclipsetrading/jobs/8461786002
"Software Engineer, Data Infrastructure @ Notion - Jobs",Notion,Ashby,completed,Not Enabled,No,3/23/2026,Word Resume,https://jobs.ashbyhq.com/notion/7d18beb6-d40c-46b5-9734-744e6944fee4
Job Application for Cloud Infrastructure Engineer at Enavate,Enavatecareers,Greenhouse,completed,Not Enabled,No,3/23/2026,Word Resume,https://job-boards.greenhouse.io/enavatecareers/jobs/5062163007
"Do Not Apply - IT Infrastructure Engineer 3/17/2026, 11:21:43 AM",Builtinintegrationsandbox,Greenhouse,completed,Not Enabled,No,3/23/2026,Word Resume,https://job-boards.greenhouse.io/builtinintegrationsandbox/jobs/5830615004
Staff Machine Learning Systems Engineer - Greenhouse,Reddit,Greenhouse,completed,Not Enabled,No,3/23/2026,Word Resume,https://job-boards.greenhouse.io/reddit/jobs/7731788
Senior HPC & AMD GPU Infrastructure Engineer @ Evergrid - Jobs,Evergrid,Ashby,completed,Not Enabled,No,3/23/2026,Word Resume,https://jobs.ashbyhq.com/evergrid/12f8c89b-b787-4a20-9061-95d36636b13e?utm_source=KV47ONlM89
Senior ML Infrastructure Engineer @ Prior Labs - Jobs,Prior Labs,Ashby,completed,Not Enabled,No,3/23/2026,Word Resume,https://jobs.ashbyhq.com/prior-labs/bd4fe067-0e99-4268-b5ad-d1f8e36c6976
AI Infrastructure Engineer @ Meshy LLC - Jobs,Meshy,Ashby,completed,Not Enabled,No,3/23/2026,Word Resume,https://jobs.ashbyhq.com/meshy/de871fcf-d042-4b07-ad8e-0059d71e0933
Senior DevOps / Infrastructure Engineer @ Causa Prima - Jobs,Causaprima,Ashby,completed,Not Enabled,No,3/23/2026,Word Resume,https://jobs.ashbyhq.com/causaprima/e71fa9a0-8261-4429-95fc-158396ffdb78
Private AI Runtime & Infrastructure Engineer @ Omnilex - Jobs,Omnilex,Ashby,completed,Not Enabled,No,3/23/2026,Word Resume,https://jobs.ashbyhq.com/omnilex/4ee22d5f-cad0-4874-8d74-8af054ba8142
Staff ML Infrastructure Engineer @ Playlab - Jobs,Playlab,Ashby,completed,Not Enabled,No,3/23/2026,Word Resume,https://jobs.ashbyhq.com/playlab/4b9af13c-5691-4b0f-a5b4-a7871243960d
Cloud Infrastructure Engineer @ Farsight AI - Jobs,Farsight,Ashby,completed,Not Enabled,No,3/23/2026,Word Resume,https://jobs.ashbyhq.com/farsight/b4eca1e7-2c95-4c79-af7e-8b6bd0b0d431
Senior Scraping Infrastructure Engineer @ OnHires - Jobs,Onhires,Ashby,completed,Not Enabled,No,3/23/2026,Word Resume,https://jobs.ashbyhq.com/onhires/c664a783-1409-4132-883d-e74a37065567
Senior Adversarial Infrastructure Engineer @ RevenueBase Inc - Jobs,Revenuebase Inc,Ashby,completed,Not Enabled,No,3/23/2026,Word Resume,https://jobs.ashbyhq.com/revenuebase-inc/ddeb2dca-2d72-4d82-9c56-7924bcee5758
Infrastructure Engineer @ Cygnify - Jobs,Cygnify,Ashby,completed,Not Enabled,No,3/23/2026,Word Resume,https://jobs.ashbyhq.com/cygnify/27ce1738-2eea-43e4-bdd2-e763fae4987b
Infrastructure Engineer @ Griffin - Jobs,Griffin,Ashby,completed,Not Enabled,No,3/23/2026,Word Resume,https://jobs.ashbyhq.com/griffin/0df6c8db-42f9-4486-833f-50aeb5a6bbdd
"Software Infrastructure Engineer, Hardware - Greenhouse",Purestorage,Greenhouse,completed,Not Enabled,No,3/23/2026,Word Resume,http://job-boards.greenhouse.io/purestorage/jobs/7736016
Job Application for Senior AI Data Infrastructure Engineer at XPENG,Xpengmotors,Greenhouse,completed,Not Enabled,No,3/23/2026,Word Resume,https://job-boards.greenhouse.io/xpengmotors/jobs/8465320002
Senior Infrastructure Engineer (Observability) - Greenhouse,Workato,Greenhouse,completed,Not Enabled,No,3/23/2026,Word Resume,https://job-boards.greenhouse.io/workato/jobs/8465516002
Senior Infrastructure Engineer /DevOps (relocation) - Greenhouse,Workato,Greenhouse,completed,Not Enabled,No,3/23/2026,Word Resume,https://job-boards.greenhouse.io/workato/jobs/8465505002
Job Application for Senior Infrastructure Engineer at Manifest Cyber ...,Manifest,Greenhouse,completed,Not Enabled,No,3/23/2026,Word Resume,https://job-boards.greenhouse.io/manifest/jobs/4180759009
Job Application for Sr. Product Manager at Blink Health - Greenhouse,Blinkhealth,Greenhouse,completed,Not Enabled,No,3/23/2026,Word Resume,https://job-boards.greenhouse.io/blinkhealth/jobs/8465615002
"Software Engineer, Data @ LiveKit - Jobs",Livekit,Ashby,completed,Not Enabled,No,3/23/2026,Word Resume,https://jobs.ashbyhq.com/livekit/7b93996d-3492-489a-a6e4-8a8a5dbb3065
"Senior/Staff Software Engineer, Frontend @ Ivo AI Inc - Jobs",Ivo Ai Inc,Ashby,completed,Not Enabled,No,3/23/2026,Word Resume,https://jobs.ashbyhq.com/ivo-ai-inc/51e3097d-9684-4de6-b2c4-7b1915ae76ed?utm_source=76DKvLXKXa
Senior/Staff Software Engineer @ Ivo AI Inc - Jobs,Ivo Ai Inc,Ashby,completed,Not Enabled,No,3/23/2026,Word Resume,https://jobs.ashbyhq.com/ivo-ai-inc/2f4f6cd5-2ad8-4a0c-847b-5b3c12cc63e9?utm_source=76DKvLXKXa
"Software Engineer, Backend @ Ivo AI Inc - Jobs",Ivo Ai Inc,Ashby,completed,Not Enabled,No,3/23/2026,Word Resume,https://jobs.ashbyhq.com/ivo-ai-inc/0d634e18-8312-447a-a421-2bf4e2231f36?utm_source=76DKvLXKXa
"Software Engineer, Frontend @ Ivo AI Inc - Jobs",Ivo Ai Inc,Ashby,completed,Not Enabled,No,3/23/2026,Word Resume,https://jobs.ashbyhq.com/ivo-ai-inc/420b0b55-31cc-42fc-b568-293884015f84?utm_source=76DKvLXKXa
"Software Engineer, Infrastructure @ Ivo AI Inc - Jobs",Ivo Ai Inc,Ashby,completed,Not Enabled,No,3/23/2026,Word Resume,https://jobs.ashbyhq.com/ivo-ai-inc/b54a2f89-9910-4cab-b0e8-89a51891c096?utm_source=76DKvLXKXa
Software Engineer @ Ivo AI Inc - Jobs,Ivo Ai Inc,Ashby,completed,Not Enabled,No,3/23/2026,Word Resume,https://jobs.ashbyhq.com/ivo-ai-inc/b31e7195-37dd-4631-8648-422cecbb3f83?utm_source=76DKvLXKXa
Senior Software Engineer – Focus Digital - Jobs,Focus,Ashby,completed,Not Enabled,No,3/23/2026,Word Resume,https://jobs.ashbyhq.com/focus/57ca1eb6-711a-43dc-bf39-879911d36e44
Senior Software Developer (Geotab Vitality) - Greenhouse,Geotab,Greenhouse,completed,Not Enabled,No,3/23/2026,Word Resume,https://job-boards.greenhouse.io/geotab/jobs/4974528008
"Job Application for Software Developer, Generative AI at Geotab",Geotab,Greenhouse,completed,Not Enabled,No,3/23/2026,Word Resume,https://job-boards.greenhouse.io/geotab/jobs/5140533008
Job Application for Senior Software Engineer at Stable Kernel,Stablekernel,Greenhouse,completed,Not Enabled,No,3/23/2026,Word Resume,https://job-boards.greenhouse.io/stablekernel/jobs/7663876003?utm_medium=jobpost&utm_source=creativeguild
Software Engineer – GPU Kernel @ FriendliAI - Jobs,Friendliai,Ashby,completed,Not Enabled,No,3/23/2026,Word Resume,https://jobs.ashbyhq.com/friendliai/cb6e7c74-c22a-4192-aec8-65769839740b/application?utm_source=5PNqmeOJ3z
Apply - Senior Software Engineer,Encamp,Rippling,completed,Not Enabled,No,3/23/2026,Word Resume,https://ats.rippling.com/encamp/jobs/97b2f4a8-fc39-4bd6-9bda-b9d88c111d65/apply?source=climatebase&utm_source=climatebase
AutoFi - Senior BE Software Engineer (Remote) - Lever,Autofi,Lever,completed,Not Enabled,No,3/23/2026,Word Resume,https://jobs.lever.co/autofi/aae0eb0f-5287-45ba-b79b-db9e35977d6f/apply
Senior Software Engineer @ Savvy Wealth - Jobs,Savvy,Ashby,completed,Not Enabled,No,3/23/2026,Word Resume,https://jobs.ashbyhq.com/savvy/bdf4f548-7946-4136-8ea3-b59b6bec1a77?utm_
"Senior Software Engineer, Scale @ Airwallex - Jobs",Airwallex,Ashby,completed,Not Enabled,No,3/23/2026,Word Resume,https://jobs.ashbyhq.com/airwallex/00390428-2f41-44b3-909c-630ad711a9cc
Job Application for Senior Software Engineer (US) at Lynx Analytics,Lynxanalytics,Greenhouse,completed,Not Enabled,No,3/23/2026,Word Resume,https://job-boards.greenhouse.io/lynxanalytics/jobs/8470876002
Backend Software Engineer - India @ Reacher - Jobs,Reacher,Ashby,completed,Not Enabled,No,3/23/2026,Word Resume,https://jobs.ashbyhq.com/reacher/86a866da-dc3b-4d5d-ba94-599b642904ec
Backend Software Engineer (Mid-level) @ Freetrade - Jobs,Freetrade,Ashby,completed,Not Enabled,No,3/23/2026,Word Resume,https://jobs.ashbyhq.com/freetrade/21837466-ec48-4703-a15e-98d3097bfb14?utm_source=echojobs.io&embed=js
"Staff Software Engineer, Fullstack (Marketing) - Greenhouse",Flex,Greenhouse,completed,Not Enabled,No,3/23/2026,Word Resume,https://job-boards.greenhouse.io/flex/jobs/4673462005
Senior Software Engineer (March 2026) @ Waystation AI - Jobs,Waystation,Ashby,completed,Not Enabled,No,3/23/2026,Word Resume,https://jobs.ashbyhq.com/waystation/103f4efb-1dbc-4f3a-a674-825386968dd9
"Job Application for Forward Deployed Software Engineer at PVM, Inc.",Pvminc,Greenhouse,completed,Not Enabled,No,3/23/2026,Word Resume,https://job-boards.greenhouse.io/pvminc/jobs/5083027007
Software Engineer @ Natoma - Jobs,Natoma,Ashby,completed,Not Enabled,No,3/23/2026,Word Resume,https://jobs.ashbyhq.com/natoma/ce4db950-2e7a-4150-8d4e-252857b65464
Software Engineer - C++/Python (AU) | DroneShield - Rippling,Droneshield,Rippling,completed,Not Enabled,No,3/23/2026,Word Resume,https://ats.rippling.com/droneshield/jobs/4843fc4b-95ce-4dc8-8779-b3e3cd1c4c47
Software Engineer (All Levels) @ Blossom Health - Jobs,Blossom Health,Ashby,completed,Not Enabled,No,3/23/2026,Word Resume,https://jobs.ashbyhq.com/Blossom-Health/ceec72a6-ff27-4e6c-b6b3-412a7a3e13b0
Staff Software Engineer (Fullstack) @ Propel - Jobs,Propel,Ashby,completed,Not Enabled,No,3/23/2026,Word Resume,https://jobs.ashbyhq.com/propel/f53d1e36-48aa-4dd9-845b-032b62172244
Lead Software Engineer @ Faculty - Jobs,Faculty,Ashby,completed,Not Enabled,No,3/23/2026,Word Resume,https://jobs.ashbyhq.com/faculty/043ba183-f468-4b8d-a61c-c536247c803e
Senior Software Engineer - Forge Factory Automation - Greenhouse,Andurilindustries,Greenhouse,completed,Not Enabled,No,3/23/2026,Word Resume,https://job-boards.greenhouse.io/andurilindustries/jobs/5085931007
Job Application for Software Engineer at WorldStrides - Greenhouse,World4822stri986des,Greenhouse,completed,Not Enabled,No,3/23/2026,Word Resume,https://job-boards.greenhouse.io/world4822stri986des/jobs/5141057008
"Software Engineer Intern, Backend - Greenhouse",Cmt,Greenhouse,completed,Not Enabled,No,3/22/2026,Word Resume,https://job-boards.greenhouse.io/cmt/jobs/7699299
Job Application for Software Engineer II at Radicle Health,Radiclehealth,Greenhouse,completed,Not Enabled,No,3/22/2026,Word Resume,http://job-boards.greenhouse.io/radiclehealth/jobs/5079357007
Job Application for Software Engineer at Genio - Greenhouse,Genio,Greenhouse,completed,Not Enabled,No,3/22/2026,Word Resume,https://job-boards.greenhouse.io/genio/jobs/5814475004
"Software Engineer, Agents @ Sim - Jobs",Sim,Ashby,completed,Not Enabled,No,3/22/2026,Word Resume,https://jobs.ashbyhq.com/sim/c04eccb8-cbd8-4dc7-8299-b1f4c8aa1225
Senior Software Engineer (Payments & Billing) @ Relevance AI - Jobs,Relevanceai,Ashby,completed,Not Enabled,No,3/22/2026,Word Resume,https://jobs.ashbyhq.com/relevanceai/0813b4b2-a6df-4a87-821c-17ae779abe78?embed=js
Lead Software Engineer,Vistapower,Rippling,completed,Not Enabled,No,3/22/2026,Word Resume,https://ats.rippling.com/vistapower/jobs/04c3b5f1-de83-4409-b953-ac2d176b5fc5?jobSite=Indeed
"Staff Software Engineer, Issues (Remote Canada) @ Optro - Jobs",Optro,Ashby,completed,Not Enabled,No,3/22/2026,Word Resume,https://jobs.ashbyhq.com/optro/ea1cc202-bde4-4247-b1d7-49309cb108c3
Senior Software Engineer - Automation at 2K Vegas - Greenhouse,2kvegas,Greenhouse,completed,Not Enabled,No,3/22/2026,Word Resume,https://job-boards.greenhouse.io/2kvegas/jobs/7664116003
Senior Software Engineer - Automation at 2K Vegas - Greenhouse,2kvegas,Greenhouse,completed,Not Enabled,No,3/22/2026,Word Resume,https://job-boards.greenhouse.io/2kvegas/jobs/7672974003
Job Application for Senior Software Engineer - Java at Onapsis,Onapsis,Greenhouse,completed,Not Enabled,No,3/22/2026,Word Resume,https://job-boards.greenhouse.io/onapsis/jobs/8468370002
"Principal Software Engineer - Java, SQL and NoSQL DBA",Globalhealthcareexchangeinc,Greenhouse,completed,Not Enabled,No,3/22/2026,Word Resume,https://job-boards.greenhouse.io/globalhealthcareexchangeinc/jobs/4667305005
Senior Robotics Software Engineer - Simulation,Bonsairoboticsmain,Rippling,completed,Not Enabled,No,3/22/2026,Word Resume,https://ats.rippling.com/bonsairoboticsmain/jobs/0915adc5-7ffe-4cd8-98a5-f73e3793577f
Job Application for Senior Software Engineer at Dark Wolf Solutions,Darkwolfsolutions,Greenhouse,completed,Not Enabled,No,3/22/2026,Word Resume,https://job-boards.greenhouse.io/darkwolfsolutions/jobs/7670519003
Senior Software Engineer - Automation at 2K Vegas - Greenhouse,2kvegas,Greenhouse,completed,Not Enabled,No,3/22/2026,Word Resume,https://job-boards.greenhouse.io/2kvegas/jobs/7664117003
"Senior Software Engineer, C++ Deploy - Greenhouse",Latitude,Greenhouse,completed,Not Enabled,No,3/22/2026,Word Resume,https://job-boards.greenhouse.io/latitude/jobs/7735774
Job Application for Principal Software Engineer at Clarity Innovations,Clarityinnovates,Greenhouse,completed,Not Enabled,No,3/22/2026,Word Resume,https://job-boards.greenhouse.io/clarityinnovates/jobs/5064582007
Senior Software Engineer (Compliance) - Greenhouse,Gofundme,Greenhouse,completed,Not Enabled,No,3/22/2026,Word Resume,https://job-boards.greenhouse.io/gofundme/jobs/7680984
"Job Application for Senior Software Engineer, Datapath at Everpure",Purestorage,Greenhouse,completed,Not Enabled,No,3/22/2026,Word Resume,https://job-boards.greenhouse.io/purestorage/jobs/7702100
"Software Engineer, Billing & Payments @ Tabs - Jobs",Tabs,Ashby,completed,Not Enabled,No,3/22/2026,Word Resume,https://jobs.ashbyhq.com/Tabs/3c676120-8c73-49c0-b764-9766955f8957
Job Application for Intern - Software Engineer (Full-stack) at Impiricus,Impiricus,Greenhouse,completed,Not Enabled,No,3/22/2026,Word Resume,https://job-boards.greenhouse.io/impiricus/jobs/5160382008
"Job Application for Staff+ Software Engineer, Privacy at Anthropic",Anthropic,Greenhouse,completed,Not Enabled,No,3/22/2026,Word Resume,http://job-boards.greenhouse.io/anthropic/jobs/5159146008
"Software Engineer, Inventory Experience @ Whatnot - Jobs",Whatnot,Ashby,completed,Not Enabled,No,3/22/2026,Word Resume,https://jobs.ashbyhq.com/whatnot/d6a89bd0-31ce-4239-81ae-75dd899b6377
Software Engineer - Model Developer Ecosystem @ Baseten - Jobs,Baseten,Ashby,completed,Not Enabled,No,3/22/2026,Word Resume,https://jobs.ashbyhq.com/baseten/c732f253-7046-4e49-8510-71de3e670686
Senior Software Engineer @ Viz.ai - Jobs,Viz.ai,Ashby,completed,Not Enabled,No,3/22/2026,Word Resume,https://jobs.ashbyhq.com/Viz.ai/8ac28ea2-b71a-4e67-bc6e-4a458dcdebde?embed=js
Embedded Software Engineer (Robotics) @ OnHires - Jobs,Onhires,Ashby,completed,Not Enabled,No,3/22/2026,Word Resume,https://jobs.ashbyhq.com/onhires/ce361319-9bf1-4706-8a6a-e2ef6f050877
"Staff Software Engineer, Identity & Access @ Patreon - Jobs",Patreon,Ashby,completed,Not Enabled,No,3/22/2026,Word Resume,https://jobs.ashbyhq.com/patreon/e9cf3ccd-72b3-48a9-adfe-801d2df7c787?employmentType=FullTime&weekdayJdUid=701269
"Senior Software Engineer, Backend Product @ Unify - Jobs",Unify,Ashby,completed,Not Enabled,No,3/22/2026,Word Resume,https://jobs.ashbyhq.com/unify/a3d71583-3ea5-43a7-8259-ef67b53b0ddf?query=email+deliverability&639a0fac_page=2
Software Engineer – Python Developer Tools @ FriendliAI - Jobs,Friendliai,Ashby,completed,Not Enabled,No,3/22/2026,Word Resume,https://jobs.ashbyhq.com/friendliai/24a3b46f-6afd-4410-91ec-b51ef0ee8317?utm_source=5PNqmeOJ3z
Staff Software Engineer - Computer Vision Deployment @ Claryo,Claryo,Ashby,completed,Not Enabled,No,3/22/2026,Word Resume,https://jobs.ashbyhq.com/claryo/968b48bc-a0dc-4b3f-80fc-3581d28927c1
"Software Engineer, Backend @ Exa - Jobs",Exa,Ashby,completed,Not Enabled,No,3/22/2026,Word Resume,https://jobs.ashbyhq.com/exa/ebb5c46f-7a2a-42f2-b96a-83b8db5ff016
Software Developer - L3 @ Ncontracts - Jobs,Ncontracts,Ashby,completed,Not Enabled,No,3/22/2026,Word Resume,https://jobs.ashbyhq.com/ncontracts/8e1becf3-d871-493d-821d-37961ad89cc9?embed=js
Senior Fullstack Software Engineer @ Vizzia - Jobs,Vizzia,Ashby,completed,Not Enabled,No,3/22/2026,Word Resume,https://jobs.ashbyhq.com/vizzia/76881c62-f8cb-43f2-986c-fe7354f96785
"Software Engineer, Full-Stack @ DatologyAI - Jobs",Datologyai,Ashby,completed,Not Enabled,No,3/22/2026,Word Resume,https://jobs.ashbyhq.com/DatologyAI/990d5ec5-bbf5-41f6-b2db-8767eff87d04
"Staff Software Engineer, Consumer Experience @ Handshake - Jobs",Handshake,Ashby,completed,Not Enabled,No,3/22/2026,Word Resume,https://jobs.ashbyhq.com/handshake/9c1fe075-be13-468f-bc0f-c8cfb5d62581
Software Engineer - Full Stack (London) @ Edra - Jobs,Edra,Ashby,completed,Not Enabled,No,3/22/2026,Word Resume,https://jobs.ashbyhq.com/edra/5092d5ac-c930-4537-a131-009263d7d0a4
"Senior Software Engineer, AI Platform @ HackerOne - Jobs",Hackerone,Ashby,completed,Not Enabled,No,3/22/2026,Word Resume,https://jobs.ashbyhq.com/hackerone/1709e471-eb43-47a6-937d-a4717076f223
Senior Full-Stack Software Engineer / Technical Lead @ Green - Jobs,Green,Ashby,completed,Not Enabled,No,3/22/2026,Word Resume,https://jobs.ashbyhq.com/green/cee3e52f-2b73-40cc-9cce-393dce4f13a2
Job Application for Senior Software Engineer at OneTrust,Onetrust,Greenhouse,completed,Not Enabled,No,3/22/2026,Word Resume,https://job-boards.greenhouse.io/onetrust/jobs/7657006
Software Engineer @ Elliptic - Jobs,Elliptic,Ashby,completed,Not Enabled,No,3/22/2026,Word Resume,https://jobs.ashbyhq.com/elliptic/b2c788ac-b1e1-403c-8e3a-4d95a3471b9f
"Senior Software Engineer, Data Platforms @ Mudflap - Jobs",Mudflap,Ashby,completed,Not Enabled,No,3/22/2026,Word Resume,https://jobs.ashbyhq.com/mudflap/759ba690-5550-4148-8a62-60e8fe588673
Job Application for Junior Software Engineer at Geneva Trading,Genevatrading,Greenhouse,completed,Not Enabled,No,3/22/2026,Word Resume,https://job-boards.greenhouse.io/genevatrading/jobs/5085231007
Job Application for Software Developer at D2 Technical Services,D2consulting,Greenhouse,completed,Not Enabled,No,3/22/2026,Word Resume,https://job-boards.greenhouse.io/d2consulting/jobs/5156183008
Job Application for Senior Software Engineer at Lantern - Greenhouse,Employerdirecthealthcare,Greenhouse,completed,Not Enabled,No,3/22/2026,Word Resume,https://job-boards.greenhouse.io/employerdirecthealthcare/jobs/5081224007
"Software Engineer III, Commercial Services - Greenhouse",Natera,Greenhouse,completed,Not Enabled,No,3/22/2026,Word Resume,http://job-boards.greenhouse.io/natera/jobs/5825907004
"Senior/Lead Software Engineer, Cloud Platform - Rippling",Celerdataopenroles,Rippling,completed,Not Enabled,No,3/22/2026,Word Resume,https://ats.rippling.com/celerdataopenroles/jobs/4cdb92d0-00fe-4ca5-9c0f-c9ac5d55ea92
Senior Software Engineer - Full Stack (Early Cancer Detection),Natera,Greenhouse,completed,Not Enabled,No,3/22/2026,Word Resume,https://job-boards.greenhouse.io/natera/jobs/5822600004
Job Application for Principal Software Engineer at Stable Kernel,Stablekernel,Greenhouse,completed,Not Enabled,No,3/22/2026,Word Resume,https://job-boards.greenhouse.io/stablekernel/jobs/7663102003
Job Application for Software Engineer at Tekmerion Capital,Tekmerion,Greenhouse,completed,Not Enabled,No,3/22/2026,Word Resume,https://job-boards.greenhouse.io/tekmerion/jobs/7643023
"Software Engineer (Frontend), Core Product Experience - Jobs",Frontcareers,Ashby,completed,Not Enabled,No,3/22/2026,Word Resume,https://jobs.ashbyhq.com/frontcareers/468e4343-a7cd-4018-ad93-f74e54074e4f
Staff Software Engineer - Reporting and Fundraising - Jobs,Junipersquare,Ashby,completed,Not Enabled,No,3/22/2026,Word Resume,https://jobs.ashbyhq.com/junipersquare/15b5f805-3dd7-47c6-8d11-38e7c49d4afe
Software Engineer - Reference Data (Java/SQL) - Greenhouse,Virturecruitinghidden,Greenhouse,completed,Not Enabled,No,3/22/2026,Word Resume,https://job-boards.greenhouse.io/virturecruitinghidden/jobs/7329539002
Job Application for Software Engineer at Lantern - Greenhouse,Employerdirecthealthcare,Greenhouse,completed,Not Enabled,No,3/22/2026,Word Resume,https://job-boards.greenhouse.io/employerdirecthealthcare/jobs/5081231007
Job Application for Senior Software Engineer (EST) at EllieMD,Elliemd,Greenhouse,completed,Not Enabled,No,3/22/2026,Word Resume,https://job-boards.greenhouse.io/elliemd/jobs/4184811009
Software Engineer Internship - Summer 2026,Easy Dynamics Corporation,Rippling,completed,Not Enabled,No,3/22/2026,Word Resume,https://ats.rippling.com/easy-dynamics-corporation/jobs/5689a393-ee6f-4b71-a13f-ceb55f49351d
"Sr Software Engineer, Commercial Services - Greenhouse",Natera,Greenhouse,completed,Not Enabled,No,3/22/2026,Word Resume,http://job-boards.greenhouse.io/natera/jobs/5812880004
Job Application for Principal Software Engineer at Fleetworthy,Bestpass,Greenhouse,completed,Not Enabled,No,3/22/2026,Word Resume,https://job-boards.greenhouse.io/bestpass/jobs/4662489006
Software Engineer (React Native) - Greenhouse,Shift4lithuania,Greenhouse,completed,Not Enabled,No,3/22/2026,Word Resume,https://job-boards.greenhouse.io/shift4lithuania/jobs/5068860007
"Senior Software Engineer, Backend @ WorkWhile - Jobs",Workwhilejobs,Ashby,completed,Not Enabled,No,3/22/2026,Word Resume,https://jobs.ashbyhq.com/workwhilejobs/db15a9da-d4cd-40ff-a155-c91195da2052
Job Application for Intern - Software Engineer (Backend) at Impiricus,Impiricus,Greenhouse,completed,Not Enabled,No,3/22/2026,Word Resume,https://job-boards.greenhouse.io/impiricus/jobs/5160169008
Senior Software Engineer - Edge-Services Security - Greenhouse,Stubhubinc,Greenhouse,completed,Not Enabled,No,3/22/2026,Word Resume,https://job-boards.greenhouse.io/stubhubinc/jobs/4818675101
Systems Software Engineer - Robotic Platform - Greenhouse,Diligentrobotics,Greenhouse,completed,Not Enabled,No,3/22/2026,Word Resume,https://job-boards.greenhouse.io/diligentrobotics/jobs/7674459003
Job Application for Staff Software Engineer - Reliability at Temporal ...,Temporaltechnologies,Greenhouse,completed,Not Enabled,No,3/22/2026,Word Resume,https://job-boards.greenhouse.io/temporaltechnologies/jobs/5080814007
Job Application for Senior Software Engineer at Clover Health,Cloverhealth,Greenhouse,completed,Not Enabled,No,3/22/2026,Word Resume,https://job-boards.greenhouse.io/cloverhealth/jobs/7680146
"Senior Software Engineer (Java, Angular, Kubernetes) - Greenhouse",540,Greenhouse,completed,Not Enabled,No,3/22/2026,Word Resume,https://job-boards.greenhouse.io/540/jobs/7670862003
Software Developer L3 @ Ncontracts - Jobs,Ncontracts,Ashby,completed,Not Enabled,No,3/22/2026,Word Resume,https://jobs.ashbyhq.com/ncontracts/18d95282-9c34-48c7-a1dd-caec94bd4d1e?embed=js
"Senior Software Engineer, Digital Experiences - Greenhouse",Billiontoone,Greenhouse,completed,Not Enabled,No,3/22/2026,Word Resume,https://job-boards.greenhouse.io/billiontoone/jobs/4675309005
Job Application for Senior Software Engineer II at ‎ConnectWise,Connectwise,Greenhouse,completed,Not Enabled,No,3/22/2026,Word Resume,https://job-boards.greenhouse.io/connectwise/jobs/4672897005
"Job Application for Software Engineer II, Battery at EnergyHub",Energyhub,Greenhouse,completed,Not Enabled,No,3/22/2026,Word Resume,https://job-boards.greenhouse.io/energyhub/jobs/8414375002
"Senior Software Engineer, Cloud Capacity - Greenhouse",Temporaltechnologies,Greenhouse,completed,Not Enabled,No,3/22/2026,Word Resume,http://job-boards.greenhouse.io/temporaltechnologies/jobs/5084780007
"Job Application for Software Engineer, Ground Software at Muon ...",Muonspace,Greenhouse,completed,Not Enabled,No,3/22/2026,Word Resume,https://job-boards.greenhouse.io/muonspace/jobs/5083758007
Senior Software Engineer (Business Intelligence & Reporting),Attentive,Greenhouse,completed,Not Enabled,No,3/22/2026,Word Resume,https://job-boards.greenhouse.io/attentive/jobs/4184747009
Job Application for Senior Software Engineer at ABBYY - Greenhouse,Abbyy,Greenhouse,completed,Not Enabled,No,3/22/2026,Word Resume,https://job-boards.greenhouse.io/abbyy/jobs/4817317101
"Senior Product Manager, NetBox Cloud - Jobs",Netboxlabs,Ashby,completed,Not Enabled,No,3/22/2026,Word Resume,https://jobs.ashbyhq.com/netboxlabs/e4cae875-ff58-4c72-80c9-8e4deb6fbe0d
Member of Technical Staff - Networking - Jobs,Aiand,Ashby,completed,Not Enabled,No,3/22/2026,Word Resume,https://jobs.ashbyhq.com/aiand/3cf5d676-8c09-4ccf-878e-7f4f85eb1904
Job Application for Customer Success Engineer at Forward Networks,Forwardnetworks,Greenhouse,completed,Not Enabled,No,3/22/2026,Word Resume,https://job-boards.greenhouse.io/forwardnetworks/jobs/7545320003?gh_jid=7545320003
Systems Engineer - Overland AI - Greenhouse,Overlandai,Greenhouse,completed,Not Enabled,No,3/22/2026,Word Resume,https://job-boards.greenhouse.io/overlandai/jobs/5151343008
AI Infrastructure Engineer - Agents & Simulation Platform - Jobs,Playerzero,Ashby,completed,Not Enabled,No,3/22/2026,Word Resume,https://jobs.ashbyhq.com/playerzero/3126458c-1716-4f40-b8aa-0777330aba7c
Electrical / Battery System Engineer - Rippling,Zo Motors North America Llc,Rippling,completed,Not Enabled,No,3/22/2026,Word Resume,https://ats.rippling.com/zo-motors-north-america-llc/jobs/f3286035-e6da-441e-ba6f-bd56adfa23d8
Security Infrastructure Engineer @ PointOne - Jobs,Pointone,Ashby,completed,Not Enabled,No,3/22/2026,Word Resume,https://jobs.ashbyhq.com/PointOne/e57df388-58d1-41b5-b388-6b4ad41a6c57?embed=js
Job Application for System Engineer at Freedom ... - Greenhouse,Freedomconsulting,Greenhouse,completed,Not Enabled,No,3/22/2026,Word Resume,https://job-boards.greenhouse.io/freedomconsulting/jobs/5078589007
Staff Data Infrastructure Engineer - Greenhouse,Peregrinetechnologies,Greenhouse,completed,Not Enabled,No,3/22/2026,Word Resume,https://job-boards.greenhouse.io/peregrinetechnologies/jobs/4672686005?gh_jid=4672686005
Incentive Compensation System Engineer - Greenhouse,Anthropic,Greenhouse,completed,Not Enabled,No,3/22/2026,Word Resume,http://job-boards.greenhouse.io/anthropic/jobs/5141849008
Job Application for Staff / Senior Infrastructure Engineer at Workato,Workato,Greenhouse,completed,Not Enabled,No,3/22/2026,Word Resume,https://job-boards.greenhouse.io/workato/jobs/8392655002
Job Application for Network Engineer at Dark Wolf Solutions,Darkwolfsolutions,Greenhouse,completed,Not Enabled,No,3/22/2026,Word Resume,https://job-boards.greenhouse.io/darkwolfsolutions/jobs/7672054003
Senior Network Engineer (Hands-On Technical Lead) - Greenhouse,Rocketems,Greenhouse,completed,Not Enabled,No,3/22/2026,Word Resume,https://job-boards.greenhouse.io/rocketems/jobs/4173494009
Network Engineer - Rippling,Wwwcarbon3aicareers,Rippling,completed,Not Enabled,No,3/22/2026,Word Resume,https://ats.rippling.com/wwwcarbon3aicareers/jobs/71f4e261-f141-4973-be4c-ca7c38b94d8e
Network Engineer III | CBTS,Cbts,Rippling,completed,Not Enabled,No,3/22/2026,Word Resume,https://ats.rippling.com/cbts/jobs/601785df-a82a-4ea8-9a4d-cf0de94544ba
Senior System Engineer - Greenhouse,Freedomconsulting,Greenhouse,completed,Not Enabled,No,3/22/2026,Word Resume,https://job-boards.greenhouse.io/freedomconsulting/jobs/5078549007
Job Application for Cloud Engineer - Remoto at Capco - Greenhouse,Capco,Greenhouse,completed,Not Enabled,No,3/22/2026,Word Resume,http://job-boards.greenhouse.io/capco/jobs/7688846
"Senior Python / React Software Engineer (Perm, Italy) - Greenhouse",Nearform,Greenhouse,completed,Not Enabled,No,3/22/2026,Word Resume,https://job-boards.greenhouse.io/nearform/jobs/6520733003?source=RemoteITJobs.app
Solutions Architect Automotive & Manufacturing @ Megazone ... - Jobs,Megazone,Ashby,completed,Not Enabled,No,3/22/2026,Word Resume,https://jobs.ashbyhq.com/megazone/be05fbf4-1c51-442d-ae46-7eb1eadf1a8b
Cloud Infrastructure Engineering Associate - Greenhouse,Sixthstreet,Greenhouse,completed,Not Enabled,No,3/22/2026,Word Resume,https://job-boards.greenhouse.io/sixthstreet/jobs/7655065003
Job Application for Senior DevOps Engineer at Karbon - Greenhouse,Karbon,Greenhouse,completed,Not Enabled,No,3/22/2026,Word Resume,https://job-boards.greenhouse.io/karbon/jobs/5833645004
Job Application for Sr Cloud Engineer (Contract-to-Hire) at Lirio,Lirio,Greenhouse,completed,Not Enabled,No,3/22/2026,Word Resume,https://job-boards.greenhouse.io/lirio/jobs/7666087003
Lead Cloud Engineer | CAQH,Caqh,Rippling,completed,Not Enabled,No,3/22/2026,Word Resume,https://ats.rippling.com/caqh/jobs/9002ae48-016b-4903-86c5-595879f5c0fc
Staff FinOps Account Manager @ CloudZero - Jobs,Cloudzero,Ashby,completed,Not Enabled,No,3/22/2026,Word Resume,https://jobs.ashbyhq.com/CloudZero/9fe15e55-0ae8-4082-a040-2e5447f75b24
Job Application for Staff Software Engineer at Versaterm - Greenhouse,Versaterm,Greenhouse,completed,Not Enabled,No,3/22/2026,Word Resume,https://job-boards.greenhouse.io/versaterm/jobs/5140833008
"Senior .NET Engineer (Poland, Contract) - Greenhouse",Nearform,Greenhouse,completed,Not Enabled,No,3/22/2026,Word Resume,https://job-boards.greenhouse.io/nearform/jobs/7673400003
Job Application for GCP Platform Engineer at Capco - Greenhouse,Capco,Greenhouse,completed,Not Enabled,No,3/22/2026,Word Resume,https://job-boards.greenhouse.io/capco/jobs/7725332
Cloud Platform Engineer with GCP - Greenhouse,Vmlenterprisesolutions,Greenhouse,completed,Not Enabled,No,3/22/2026,Word Resume,https://job-boards.greenhouse.io/vmlenterprisesolutions/jobs/8460426002
Senior Infrastructure Engineer- AWS Cloud Platform - Greenhouse,Convera,Greenhouse,completed,Not Enabled,No,3/22/2026,Word Resume,https://job-boards.greenhouse.io/convera/jobs/4795118101
Infrastructure Ops Engineer @ Baseten - Jobs,Baseten,Ashby,completed,Not Enabled,No,3/22/2026,Word Resume,https://jobs.ashbyhq.com/baseten/844e2c96-690a-4365-9822-f092ffa03944
"Job Application for Associate Software Engineer, DevOps at Agoda",Agoda,Greenhouse,completed,Not Enabled,No,3/22/2026,Word Resume,https://job-boards.greenhouse.io/agoda/jobs/7694174
Platform Engineer,Linxup,Rippling,completed,Not Enabled,No,3/22/2026,Word Resume,https://ats.rippling.com/linxup/jobs/9c1901ce-edf9-49a5-ad43-e2a9a0d942ca
"Dev Ops Engineer @ Alva Energy, Inc - Jobs",Alva Energy,Ashby,completed,Not Enabled,No,3/22/2026,Word Resume,https://jobs.ashbyhq.com/alva-energy/e4f6efd7-2666-48e2-9a4f-cb11dfd1ec96
Job Application for (1370) Senior DevOps Engineer at Nortal,Nearsure,Greenhouse,completed,Not Enabled,No,3/22/2026,Word Resume,https://job-boards.greenhouse.io/nearsure/jobs/5068260007
Job Application for DevOps Engineer at SmartBear - Greenhouse,Smartbear,Greenhouse,completed,Not Enabled,No,3/22/2026,Word Resume,https://job-boards.greenhouse.io/smartbear/jobs/7652573003?gh_src=30c821d83us
"Staff/Senior Devops Engineer, Data&AI Infrastructure @ Airwallex",Airwallex,Ashby,completed,Not Enabled,No,3/22/2026,Word Resume,https://jobs.ashbyhq.com/airwallex/23fc71bd-bf49-4ebd-9bd2-fc12389a12b9
Senior DevOps Engineer - AWS/Java/Linux/Ansible/Git/Python,Captivation,Greenhouse,completed,Not Enabled,No,3/22/2026,Word Resume,https://job-boards.greenhouse.io/captivation/jobs/4694139008?gh_jid=4694139008
"Job Application for Software Engineer, Cloud ... - Greenhouse",Robinhood,Greenhouse,completed,Not Enabled,No,3/22/2026,Word Resume,https://job-boards.greenhouse.io/robinhood/jobs/7589432?gh_src=NaN&gh_jid=7589432
Cloud Engineer - NetSec @ Vizzia - Jobs,Vizzia,Ashby,completed,Not Enabled,No,3/22/2026,Word Resume,https://jobs.ashbyhq.com/vizzia/55e0d935-651b-4709-87d4-243ebc9085e5
Staff DevOps Engineer — Developer Infrastructure - US (Remote),Luxurypresence,Lever,completed,Not Enabled,No,3/22/2026,Word Resume,https://jobs.lever.co/luxurypresence/874c2c77-44ed-4f23-ac9d-e21fad79028e/apply
Founding DevOps Engineer @ Perfect Venue - Jobs,Perfect Venue,Ashby,completed,Not Enabled,No,3/22/2026,Word Resume,https://jobs.ashbyhq.com/perfect-venue/50e12d7c-f7d0-4c0d-a8fe-12b545d2709f/application
Job Application for DevOps Engineer at INGENIOUS.BUILD,Ingenious,Greenhouse,completed,Not Enabled,No,3/22/2026,Word Resume,https://job-boards.greenhouse.io/ingenious/jobs/4674007005
Job Application for Cloud Engineer (Azure/GCP) at Kunai,Kunai,Greenhouse,completed,Not Enabled,No,3/22/2026,Word Resume,https://job-boards.greenhouse.io/kunai/jobs/5062820007
Job Application for Senior DevOps Engineer - AWS at Capco,Capco,Greenhouse,completed,Not Enabled,No,3/22/2026,Word Resume,https://job-boards.greenhouse.io/capco/jobs/7675245
Job Application for Senior Cloud Engineer at Dark Wolf Solutions,Darkwolfsolutions,Greenhouse,completed,Not Enabled,No,3/21/2026,Word Resume,https://job-boards.greenhouse.io/darkwolfsolutions/jobs/7493483003
Job Application for Senior Cloud Engineer at Kunai - Greenhouse,Kunai,Greenhouse,completed,Not Enabled,No,3/21/2026,Word Resume,https://job-boards.greenhouse.io/kunai/jobs/5084389007
Senior DevOps Engineer - San Francisco @ Plaud - Jobs,Plaud,Ashby,completed,Not Enabled,No,3/21/2026,Word Resume,https://jobs.ashbyhq.com/Plaud/7b4926d0-525a-4016-b4a2-99c9af3de1dc
DevOps Engineer,Careers At Harver,Rippling,completed,Not Enabled,No,3/21/2026,Word Resume,https://ats.rippling.com/careers-at-harver/jobs/b984ef2c-afcb-47f3-af6e-b81f9d8e9a99
Senior DevOps Engineer @ Merciv - Jobs,Merciv,Ashby,completed,Not Enabled,No,3/21/2026,Word Resume,https://jobs.ashbyhq.com/merciv/5c99f130-fe72-4927-af6a-2471c75a45e8
Job Application for Senior DevOps Engineer at Altium - Greenhouse,Altium,Greenhouse,completed,Not Enabled,No,3/21/2026,Word Resume,https://job-boards.greenhouse.io/altium/jobs/4618302006
Senior DevOps Engineer @ Ontic - Jobs,Ontic,Ashby,completed,Not Enabled,No,3/21/2026,Word Resume,https://jobs.ashbyhq.com/Ontic/da41d46b-705d-4375-b26b-7cb23c401e3d?embed=js
DevOps Engineer (Founding Team) @ Fabrion - Jobs,Fabrion,Ashby,completed,Not Enabled,No,3/21/2026,Word Resume,https://jobs.ashbyhq.com/fabrion/ee416bce-cb97-4c2b-8504-e3457b365245
DevOps Engineer @ Dehazelabs - Jobs,Dehazelabs,Ashby,completed,Not Enabled,No,3/21/2026,Word Resume,https://jobs.ashbyhq.com/dehazelabs/589dc224-1cb9-4619-8d8b-b386ced1f988
"Sr. DevOps Engineer @ BlueRock Security, Inc. - Jobs",Bluerocksecurity,Ashby,completed,Not Enabled,No,3/21/2026,Word Resume,https://jobs.ashbyhq.com/bluerocksecurity/8174c1be-8028-4a98-bf22-1e039203054c
DevOps Engineer - Blockchain & Digital Assets - Rippling,N3xt Jobs,Rippling,completed,Not Enabled,No,3/21/2026,Word Resume,https://ats.rippling.com/n3xt-jobs/jobs/9fcc2770-0441-476e-ae19-d4411709db07
Cloud DevOps Engineer | Liminal - Rippling,Liminal,Rippling,completed,Not Enabled,No,3/21/2026,Word Resume,https://ats.rippling.com/liminal/jobs/ede3f33f-554f-4c1e-9c62-2a07eb958054
Job Application for Senior DevOps Engineer at Armada - Greenhouse,Armada,Greenhouse,completed,Not Enabled,No,3/21/2026,Word Resume,https://job-boards.greenhouse.io/armada/jobs/4988286008
Backend/DevOps Engineer (Work from Anywhere) @ Pragmatike,Pragmatike,Ashby,completed,Not Enabled,No,3/21/2026,Word Resume,https://jobs.ashbyhq.com/pragmatike/d954767b-3650-4f9b-aff4-53783ddbe287
"Job Application for Senior DevOps Engineer at Loka, Inc - Greenhouse",Lokainc,Greenhouse,completed,Not Enabled,No,3/21/2026,Word Resume,http://job-boards.greenhouse.io/lokainc/jobs/4336134007
Job Application for Senior DevOps Engineer at SmithRx - Greenhouse,Smithrx,Greenhouse,completed,Not Enabled,No,3/21/2026,Word Resume,https://job-boards.greenhouse.io/smithrx/jobs/8328272002
Job Application for DevOps Engineer - Business Banking at DKB ...,Dkbcodefactory,Greenhouse,completed,Not Enabled,No,3/21/2026,Word Resume,https://job-boards.greenhouse.io/dkbcodefactory/jobs/7645974003
DevOps Engineer - APAC Shift at Episode Six - Greenhouse,Episodesix,Greenhouse,completed,Not Enabled,No,3/21/2026,Word Resume,https://job-boards.greenhouse.io/episodesix/jobs/5792217004
DevOps Engineer @ Air Apps - Jobs,Airapps,Ashby,completed,Not Enabled,No,3/21/2026,Word Resume,https://jobs.ashbyhq.com/airapps/8f2a5aa1-7bb6-4bc6-bb56-ef509da4585b
Search DevOps Engineer @ Perplexity - Jobs,Perplexity,Ashby,completed,Not Enabled,No,3/21/2026,Word Resume,https://jobs.ashbyhq.com/perplexity/739411fa-6580-4c8b-9960-035d5fa3c00e
Senior DevOps Engineer @ Tin Can - Jobs,Tin Can,Ashby,completed,Not Enabled,No,3/21/2026,Word Resume,https://jobs.ashbyhq.com/tin-can/366eea54-835a-42f5-a575-bfcb72eb523c
"Job Application for Senior DevOps Engineer, Core Infrastructure ...",Crunchyroll,Greenhouse,completed,Not Enabled,No,3/21/2026,Word Resume,https://job-boards.greenhouse.io/crunchyroll/jobs/7293016
"Senior Platform Engineer, Testing Infrastructure @ Weave - Jobs",Weave,Ashby,completed,Not Enabled,No,3/21/2026,Word Resume,https://jobs.ashbyhq.com/weave/98709aa2-9346-4898-b53f-caa4a41d959f
DevOps Engineer - Support @ SigNoz - Jobs,Signoz,Ashby,completed,Not Enabled,No,3/21/2026,Word Resume,https://jobs.ashbyhq.com/SigNoz/c479d148-691d-4dc2-9201-bbeb21540a6a
DevOps Engineer @ Spector.ai - Jobs,Spector Ai,Ashby,completed,Not Enabled,No,3/21/2026,Word Resume,https://jobs.ashbyhq.com/spector-ai/1eee40e7-4289-47d1-9928-c7442a50f0b2
"Senior DevOps Engineer, Space - Greenhouse",Andurilindustries,Greenhouse,completed,Not Enabled,No,3/21/2026,Word Resume,https://job-boards.greenhouse.io/andurilindustries/jobs/4992186007?gh_jid=4992186007
Job Application for Senior Devops Engineer at Kiavi - Greenhouse,Kiavi,Greenhouse,completed,Not Enabled,No,3/21/2026,Word Resume,https://job-boards.greenhouse.io/kiavi/jobs/7629282?gh_jid=7629282
Senior DevOps Engineer @ ZayZoon - Jobs,Zayzoon,Ashby,completed,Not Enabled,No,3/21/2026,Word Resume,https://jobs.ashbyhq.com/zayzoon/767141a7-ab9b-4621-b2eb-ac4f2cb42253
Senior DevOps Engineer | Sanas - Rippling,Sanas,Rippling,completed,Not Enabled,No,3/21/2026,Word Resume,https://ats.rippling.com/sanas/jobs/d10dda84-6615-46e7-86ff-96964945e79e
Senior DevOps Engineer @ DualEntry - Jobs,Dualentry,Ashby,completed,Not Enabled,No,3/21/2026,Word Resume,https://jobs.ashbyhq.com/dualentry/48e74b80-5a0f-42f1-a6c5-c38cab30f526
Job Application for Senior DevOps Engineer at Astera Labs,Asteralabs,Greenhouse,completed,Not Enabled,No,3/21/2026,Word Resume,https://job-boards.greenhouse.io/asteralabs/jobs/4669768005
Job Application for Senior Site Reliability Engineer - Edge at On,Onrunning,Greenhouse,completed,Not Enabled,No,3/21/2026,Word Resume,http://job-boards.greenhouse.io/onrunning/jobs/7694968?gh_jid=7694968
Job Application for DevOps Engineer at AvePoint - Greenhouse,Avepoint,Greenhouse,completed,Not Enabled,No,3/21/2026,Word Resume,https://job-boards.greenhouse.io/avepoint/jobs/6296624
DevSecOps Engineer - Rippling,Camlin Careers,Rippling,completed,Not Enabled,No,3/21/2026,Word Resume,https://ats.rippling.com/camlin-careers/jobs/3d71411b-0e83-4416-b79e-9bb2cbeae970
"Senior DevOps Engineer (Perm, Ireland, Remote) - Greenhouse",Nearform,Greenhouse,completed,Not Enabled,No,3/21/2026,Word Resume,https://job-boards.greenhouse.io/nearform/jobs/7666146003
DevOps Engineer @ Delian Alliance Industries - Jobs,Delian,Ashby,completed,Not Enabled,No,3/21/2026,Word Resume,https://jobs.ashbyhq.com/delian/602e91e8-caf7-4aa2-b1f2-5f821406ba0f
DevOps Engineer / AWS|ECS|Terraform (San Francisco) @ Levelpath,Levelpath,Ashby,completed,Not Enabled,No,3/21/2026,Word Resume,https://jobs.ashbyhq.com/levelpath/67b23ba6-8601-4347-affd-08f84e311911
Cloud DevOps Engineer - AI @ Vizzia - Jobs,Vizzia,Ashby,completed,Not Enabled,No,3/21/2026,Word Resume,https://jobs.ashbyhq.com/vizzia/a4595b5a-555c-4815-bad4-009bd7b3026e
Job Application for Staff DevOps Engineer at Sonatus - Greenhouse,Sonatus,Greenhouse,completed,Not Enabled,No,3/21/2026,Word Resume,http://job-boards.greenhouse.io/sonatus/jobs/5070083007?gh_src=ele3ku537us
Site Reliability Engineer @ Thought Machine - Jobs,Thought Machine,Ashby,completed,Not Enabled,No,3/21/2026,Word Resume,https://jobs.ashbyhq.com/thought-machine/d1e5020a-adb8-4e29-8c62-a1b6985cb232
Job Application for Site Reliability Engineer at Planet - Greenhouse,Planetlabs,Greenhouse,completed,Not Enabled,No,3/21/2026,Word Resume,https://job-boards.greenhouse.io/planetlabs/jobs/7729083
DevOps Engineer @ Teza Technologies - Jobs,Teza Technologies,Ashby,completed,Not Enabled,No,3/21/2026,Word Resume,https://jobs.ashbyhq.com/teza-technologies/f41aaf7f-a2e7-4fcc-aa5b-109d91a8830d
Sr. Devops Engineer AWS @ Megazone Cloud US - Jobs,Megazone,Ashby,completed,Not Enabled,No,3/21/2026,Word Resume,https://jobs.ashbyhq.com/megazone/17647053-08cd-4490-a1e1-4fe356bc6660/application?utm_source=bandana
Job Application for Senior DevOps Engineer at StackAdapt,Stackadapt,Greenhouse,completed,Not Enabled,No,3/21/2026,Word Resume,http://job-boards.greenhouse.io/stackadapt/jobs/4073245009
Job Application for Lead DevOps Engineer at Trivelta - Greenhouse,Trivelta,Greenhouse,completed,Not Enabled,No,3/21/2026,Word Resume,https://job-boards.greenhouse.io/trivelta/jobs/4014139009
DevOps Engineer - Panopto - Lever,Panopto,Lever,completed,Not Enabled,No,3/21/2026,Word Resume,https://jobs.lever.co/panopto/4a6efe88-2552-4e99-a5c9-efe9b2517b89/apply
Job Application for Staff Site Reliability Engineer-Federal at Zscaler,Zscaler,Greenhouse,completed,Not Enabled,No,3/21/2026,Word Resume,https://job-boards.greenhouse.io/zscaler/jobs/5072596007?gh_jid=5072596007
DevOps Engineer @ Molg - Jobs,Molg,Ashby,completed,Not Enabled,No,3/21/2026,Word Resume,https://jobs.ashbyhq.com/Molg/6c401a98-f8bb-4024-9692-c51c74fcfe38
Job Application for Senior DevOps Engineer at Self Financial,Selffinancial,Greenhouse,completed,Not Enabled,No,3/21/2026,Word Resume,https://job-boards.greenhouse.io/selffinancial/jobs/5828866004
"Software Engineer, Talent @ Fluidstack - Jobs",Fluidstack,Ashby,completed,Not Enabled,No,3/20/2026,Word Resume,https://jobs.ashbyhq.com/fluidstack/02c2affd-5712-41dc-bb0b-72d9f6f6cd75
"Software Engineer, Console @ Keycard Labs - Jobs",Keycard Labs,Ashby,completed,Not Enabled,No,3/20/2026,Word Resume,https://jobs.ashbyhq.com/keycard-labs/56af7b37-b3b6-4fe8-8627-44fd5865e029
"Senior Software Engineer (AI-Native), Circle Expansion - Greenhouse",Life360,Greenhouse,completed,Not Enabled,No,3/20/2026,Word Resume,https://job-boards.greenhouse.io/life360/jobs/8468903002
"Software Engineer Summer Intern, Fan Experience @ GameChanger",Gamechanger,Ashby,completed,Not Enabled,No,3/20/2026,Word Resume,https://jobs.ashbyhq.com/gamechanger/6087eacc-a1d0-41ec-af26-0d1cf1e9e9a1
Radar Systems Software Engineer,Singularity Defense,Rippling,completed,Not Enabled,No,3/20/2026,Word Resume,https://ats.rippling.com/singularity-defense/jobs/ccf3ded2-3bca-4270-928c-824bca98c2e1
"Software Engineer, Backend - Presentation Gateway - Greenhouse",Doordashusa,Greenhouse,completed,Not Enabled,No,3/20/2026,Word Resume,https://job-boards.greenhouse.io/doordashusa/jobs/7729768
Software Engineer @ Rabot - Jobs,Rabot,Ashby,completed,Not Enabled,No,3/20/2026,Word Resume,https://jobs.ashbyhq.com/rabot/3e30baae-8d69-4dfd-bdca-76bc435fd0f7
Senior Software Engineer (Remote) (Position located in Brazil),Knowbe4,Greenhouse,completed,Not Enabled,No,3/20/2026,Word Resume,https://job-boards.greenhouse.io/knowbe4/jobs/8470608002
"TRM Labs - Senior Software Engineer, Full Stack - Jobs",Trm Labs,Ashby,completed,Not Enabled,No,3/20/2026,Word Resume,https://jobs.ashbyhq.com/trm-labs/6edf242b-984d-41fb-8027-5f133a6353d4?utm_source=KaWmZ89zGg
"Senior Software Engineer, Control Plane - Greenhouse",Aerospike,Greenhouse,completed,Not Enabled,No,3/20/2026,Word Resume,https://job-boards.greenhouse.io/aerospike/jobs/8466999002
"TRM Labs - Senior Software Engineer, Backend - Jobs",Trm Labs,Ashby,completed,Not Enabled,No,3/20/2026,Word Resume,https://jobs.ashbyhq.com/trm-labs/ecc944bf-7cb5-48e7-be97-0d3cb45a92e9
"Senior Software Engineer, Data Platform - Fully Remote USD - Jobs",Glacier,Ashby,completed,Not Enabled,No,3/20/2026,Word Resume,https://jobs.ashbyhq.com/glacier/c110069a-8eea-4a76-9c7c-f32743d1a035
Software Engineer - Latam @ Reacher - Jobs,Reacher,Ashby,completed,Not Enabled,No,3/20/2026,Word Resume,https://jobs.ashbyhq.com/reacher/e4d436eb-dd77-44d0-9586-44d48ad84aea
"Intern, Software Engineer",Blink Charging Inc,Rippling,completed,Not Enabled,No,3/20/2026,Word Resume,https://ats.rippling.com/blink-charging-inc/jobs/88207777-1a70-42d6-a60a-2ff9b06e982e?jobSite=Indeed
"Senior Software Engineer, Strategic Customer Engagements",Planetlabs,Greenhouse,completed,Not Enabled,No,3/20/2026,Word Resume,https://job-boards.greenhouse.io/planetlabs/jobs/7644565
"Senior Software Engineer, Developer Platform @ Zip - Jobs",Zip,Ashby,completed,Not Enabled,No,3/20/2026,Word Resume,https://jobs.ashbyhq.com/zip/adf33342-3882-4808-952f-76bb6ecca275
Senior Software Engineer @ Schoolhouse - Jobs,Schoolhouse World,Ashby,completed,Not Enabled,No,3/20/2026,Word Resume,https://jobs.ashbyhq.com/schoolhouse-world/3cc55f6d-c067-44db-bf0f-54ba15ba27e4
Lead Software Engineer - Cloud Services - Greenhouse,Corelight,Greenhouse,completed,Not Enabled,No,3/20/2026,Word Resume,https://job-boards.greenhouse.io/corelight/jobs/7724795?gh_jid=7724795
Hilbert's AI - Software Engineer (Full-Stack / Product) - Jobs,Hilberts,Ashby,completed,Not Enabled,No,3/20/2026,Word Resume,https://jobs.ashbyhq.com/hilberts/989d547f-1f23-43b9-b8e8-c8771d7d4286
Staff Software Engineer - Platform Infrastructure (Remote) @ Rula,Rula,Ashby,completed,Not Enabled,No,3/20/2026,Word Resume,https://jobs.ashbyhq.com/rula/b0b93c04-fa61-4b74-a682-0866371cebae
"Software Engineer II, Fullstack @ Dave - Jobs",Dave,Ashby,completed,Not Enabled,No,3/20/2026,Word Resume,https://jobs.ashbyhq.com/dave/3f010c94-e065-4cae-9434-7ceafc904d6c
"Job Application for Senior Software Engineer, Fullstack at Vannevar",Vannevarlabs,Greenhouse,completed,Not Enabled,No,3/20/2026,Word Resume,https://job-boards.greenhouse.io/vannevarlabs/jobs/5083725007
Senior Software Engineer @ Amca - Jobs,Amca,Ashby,completed,Not Enabled,No,3/20/2026,Word Resume,https://jobs.ashbyhq.com/amca/0b274b8f-4cb2-4529-bb42-f35718c021fc
"Senior Software Engineer, Backend @ Dave - Jobs",Dave,Ashby,completed,Not Enabled,No,3/20/2026,Word Resume,https://jobs.ashbyhq.com/dave/ab370f2a-2f66-4902-a7ac-2f5fdf29935f
"Job Application for Software Engineer III, Machine Learning at Reddit",Reddit,Greenhouse,completed,Not Enabled,No,3/20/2026,Word Resume,https://job-boards.greenhouse.io/reddit/jobs/7729051
Displays Software Engineer (C/C++) @ Reliable Robotics Corporation,Reliable Robotics,Ashby,completed,Not Enabled,No,3/20/2026,Word Resume,https://jobs.ashbyhq.com/reliable-robotics/282ce91e-0c11-4e4a-9fc8-633a81d124cf
"Astronomer - Software Engineer, Platform - Jobs",Astronomer,Ashby,completed,Not Enabled,No,3/20/2026,Word Resume,https://jobs.ashbyhq.com/astronomer/de75aa5e-82f9-4348-9122-4cc83138a569
AI Software Engineer (Back End) @ Maincode - Jobs,Maincode,Ashby,completed,Not Enabled,No,3/20/2026,Word Resume,https://jobs.ashbyhq.com/maincode/a2251b3b-d130-4dec-af6d-5a8d6ff63c91
"RSA Software Engineer 2 (Java, Cloud)",Rsa Security,Rippling,completed,Not Enabled,No,3/20/2026,Word Resume,https://ats.rippling.com/rsa-security/jobs/244a0471-ffea-454e-be89-577283ea26de
"Senior Software Engineer, The Stacks - Radial Science @ Astera ...",Astera,Ashby,completed,Not Enabled,No,3/20/2026,Word Resume,https://jobs.ashbyhq.com/astera/6ded645e-1add-4817-8d30-91e14c3befc9
Software Engineer I / II - New York @ Giga - Jobs,Gigaml,Ashby,completed,Not Enabled,No,3/20/2026,Word Resume,https://jobs.ashbyhq.com/gigaml/ba9b543d-e85c-4bd1-978b-f838d7a4062f
"Software Engineer, Identity & Trust - Greenhouse",Zipcolimited,Greenhouse,completed,Not Enabled,No,3/20/2026,Word Resume,https://job-boards.greenhouse.io/zipcolimited/jobs/4658053006
"(Senior) Software Engineer, Rust @ Nelly Solutions - Jobs",Nelly,Ashby,completed,Not Enabled,No,3/20/2026,Word Resume,https://jobs.ashbyhq.com/nelly/85242e5e-fd1a-4390-ba11-2735b4440f94
Job Application for Senior Software Engineer (Events) at Topstep,Topsteptrader,Greenhouse,completed,Not Enabled,No,3/20/2026,Word Resume,http://job-boards.greenhouse.io/topsteptrader/jobs/7645221003
Software Engineer @ Sine Engineering - Jobs,Sine Engineering,Ashby,completed,Not Enabled,No,3/20/2026,Word Resume,https://jobs.ashbyhq.com/Sine%20Engineering/3df9c455-4f05-4c31-8bb5-7dbbded6d844?embed=js
Staff Software Engineer - Cloud Infrastructure and Applications - Jobs,Notable,Ashby,completed,Not Enabled,No,3/20/2026,Word Resume,https://jobs.ashbyhq.com/notable/24cf721f-ed19-4f60-aef3-927e86512657
"Software Engineer, Fullstack @ Sola - Jobs",Sola,Ashby,completed,Not Enabled,No,3/20/2026,Word Resume,https://jobs.ashbyhq.com/sola/0c859bfa-c3e1-429d-876d-0542f5358c17
Job Application for Senior Software Engineer at Remodel Health,Remodelhealth,Greenhouse,completed,Not Enabled,No,3/20/2026,Word Resume,https://job-boards.greenhouse.io/remodelhealth/jobs/5101805008
"Job Application for Tax Software Engineer II at Pathward, N.A.",Pathward,Greenhouse,completed,Not Enabled,No,3/20/2026,Word Resume,https://job-boards.greenhouse.io/pathward/jobs/5826748004
"Software Engineer, Developer Experience (AI) @ Clay Labs - Jobs",Claylabs,Ashby,completed,Not Enabled,No,3/20/2026,Word Resume,https://jobs.ashbyhq.com/claylabs/9b008b26-189b-45cf-83d8-fee117d32874
"Job Application for Software Engineer, Frontend at Justworks",Justworks,Greenhouse,completed,Not Enabled,No,3/20/2026,Word Resume,https://job-boards.greenhouse.io/justworks/jobs/7733611
Embedded Software Engineer,Xirgo Technologies,Rippling,completed,Not Enabled,No,3/20/2026,Word Resume,https://ats.rippling.com/en-US/xirgo-technologies/jobs/fd706203-5381-446a-af14-0c8bf1e686c1
Software Engineer @ Glade - Jobs,Glade,Ashby,completed,Not Enabled,No,3/20/2026,Word Resume,https://jobs.ashbyhq.com/glade/f8d246e6-c4bc-4e4f-b63f-ed66055f23c4
"Included Health - Staff Software Engineer, Product - Lever",Includedhealth,Lever,completed,Not Enabled,No,3/20/2026,Word Resume,https://jobs.lever.co/includedhealth/bf199a54-16ed-4f52-b30f-7f9616b91d11/apply?lever-origin=applied&lever-source%5B%5D=BuiltInNationwide
"Software Engineer, Scoop Core - Greenhouse",Thenewyorktimes,Greenhouse,completed,Not Enabled,No,3/20/2026,Word Resume,https://job-boards.greenhouse.io/thenewyorktimes/jobs/4673616005
Job Application for Tech Lead - Senior Software Engineer at YipitData,Yipitdata,Greenhouse,completed,Not Enabled,No,3/20/2026,Word Resume,https://job-boards.greenhouse.io/yipitdata/jobs/7737220
"Software Developer Level 2, Towed Systems",Kraken Robotics Inc,Rippling,completed,Not Enabled,No,3/20/2026,Word Resume,https://ats.rippling.com/kraken-robotics-inc/jobs/816e2096-05c8-4c96-a5e2-64384717d60b
"Senior Software Engineer, Data Platform",Plenful,Rippling,completed,Not Enabled,No,3/20/2026,Word Resume,https://ats.rippling.com/plenful/jobs/3534dac1-666e-4258-9455-1e0b3d16188a
"Notion - Software Engineer, Content Onboarding - Jobs",Notion,Ashby,completed,Not Enabled,No,3/20/2026,Word Resume,https://jobs.ashbyhq.com/notion/db5eb883-83d3-478b-b619-04d3336142af?locationId=45a8af97-70d6-4742-9554-563af57e92cb
Job Application for Software Engineer - AI Productivity at Hightouch,Hightouch,Greenhouse,completed,Not Enabled,No,3/20/2026,Word Resume,http://job-boards.greenhouse.io/hightouch/jobs/5809895004
Staff Software Engineer - Tax Platform - Rippling,Rippling,Rippling,completed,Not Enabled,No,3/20/2026,Word Resume,https://ats.rippling.com/rippling/jobs/0e488412-db51-4f4b-b3b2-5acd2b27a506
"Software Engineer (Backend), Deliverability @ Front - Jobs",Frontcareers,Ashby,completed,Not Enabled,No,3/20/2026,Word Resume,https://jobs.ashbyhq.com/frontcareers/5fc319f6-b860-466e-aea5-fe222003ee8b
"Senior Software Engineer, Fullstack @ Dave - Jobs",Dave,Ashby,completed,Not Enabled,No,3/20/2026,Word Resume,https://jobs.ashbyhq.com/dave/badf3603-ca08-4b7e-ad4e-6650acb9a8fb
Job Application for Principal Software Engineer at Zócalo Health,Zocalohealth,Greenhouse,completed,Not Enabled,No,3/20/2026,Word Resume,http://job-boards.greenhouse.io/zocalohealth/jobs/5155637008
Job Application for Software Engineer (Contract) at Recruitis,Recruitis,Greenhouse,completed,Not Enabled,No,3/20/2026,Word Resume,https://job-boards.greenhouse.io/recruitis/jobs/8430814002
Software Engineer - Intern - Rippling,Greengas,Rippling,completed,Not Enabled,No,3/20/2026,Word Resume,https://ats.rippling.com/en-US/greengas/jobs/b2938290-cc66-4f54-9888-bbe286c1d9b6
Job Application for Staff Software Engineer at MNTN - Greenhouse,Mntn,Greenhouse,completed,Not Enabled,No,3/20/2026,Word Resume,https://job-boards.greenhouse.io/mntn/jobs/7716073
"Job Application for Staff Software Engineer, Inference at Anthropic",Anthropic,Greenhouse,completed,Not Enabled,No,3/20/2026,Word Resume,https://job-boards.greenhouse.io/anthropic/jobs/5150472008
"Senior Software Engineer, Cloud Capacity - Greenhouse",Temporaltechnologies,Greenhouse,completed,Not Enabled,No,3/20/2026,Word Resume,https://job-boards.greenhouse.io/temporaltechnologies/jobs/5084780007
Software Engineer - Platform / Core Infrastructure - Americas @ XBOW,Xbowcareers,Ashby,completed,Not Enabled,No,3/20/2026,Word Resume,https://jobs.ashbyhq.com/xbowcareers/b3c887f9-6c81-4179-a006-d5e02579ba67
"Software Engineer II, Backend (Consumer Authentication)",Affirm,Greenhouse,completed,Not Enabled,No,3/20/2026,Word Resume,https://job-boards.greenhouse.io/affirm/jobs/7666050003
Senior Robotics Software Engineer - Platform,Bonsairoboticsmain,Rippling,completed,Not Enabled,No,3/20/2026,Word Resume,https://ats.rippling.com/bonsairoboticsmain/jobs/caf31069-833b-404c-a4cb-4ea35524309d
Job Application for Software Engineer - Frontend at Sharebite,Sharebite,Greenhouse,completed,Not Enabled,No,3/20/2026,Word Resume,https://job-boards.greenhouse.io/sharebite/jobs/5809511004
Job Application for Senior Software Engineer at Breeze - Greenhouse,Breezecash,Greenhouse,completed,Not Enabled,No,3/20/2026,Word Resume,https://job-boards.greenhouse.io/breezecash/jobs/5156291008
"Job Application for Senior Software Engineer, Fullstack (Consumer ...",Affirm,Greenhouse,completed,Not Enabled,No,3/20/2026,Word Resume,https://job-boards.greenhouse.io/affirm/jobs/7663434003
Senior Software Engineer,Riot Platforms Careers,Rippling,completed,Not Enabled,No,3/20/2026,Word Resume,https://ats.rippling.com/riot-platforms-careers/jobs/7128f5c4-7e79-442e-9e6a-5fddb948d003
"Software Engineer, Developer Enablement @ Benchling - Jobs",Benchling,Ashby,completed,Not Enabled,No,3/20/2026,Word Resume,https://jobs.ashbyhq.com/benchling/a60e6f18-5056-4b89-9450-e746bc8f404c
"Job Application for Software Engineer AI at DHI Group, Inc.",Dhigroupinc,Greenhouse,completed,Not Enabled,No,3/20/2026,Word Resume,http://job-boards.greenhouse.io/dhigroupinc/jobs/7670533003
Job Application for Senior DevOps Engineer at Tech Holding,Techholding,Greenhouse,completed,Not Enabled,No,3/20/2026,Word Resume,https://job-boards.greenhouse.io/techholding/jobs/4667640005
Senior Cloud DevOps Engineer - AI @ Vizzia - Jobs,Vizzia,Ashby,completed,Not Enabled,No,3/20/2026,Word Resume,https://jobs.ashbyhq.com/vizzia/58662c0f-515a-4abd-b842-01b89d89fa51
Job Application for DevOps Engineer at Dark Wolf Solutions,Darkwolfsolutions,Greenhouse,completed,Not Enabled,No,3/20/2026,Word Resume,https://job-boards.greenhouse.io/darkwolfsolutions/jobs/7672377003
DevOps Engineer/ Production Support Analyst - Greenhouse,Mthreerecruitingportal,Greenhouse,completed,Not Enabled,No,3/20/2026,Word Resume,https://job-boards.greenhouse.io/mthreerecruitingportal/jobs/4656487006
Cloud Support & DevOPS Engineer - Rippling,Koreai India Careers,Rippling,completed,Not Enabled,No,3/20/2026,Word Resume,https://ats.rippling.com/koreai-india-careers/jobs/1503e580-a807-4d7b-93fb-1eccff46de50
Senior Site Reliability Engineer - FedRAMP @ Delinea - Jobs,Delinea,Ashby,completed,Not Enabled,No,3/20/2026,Word Resume,https://jobs.ashbyhq.com/delinea/3c383734-2521-4403-9d76-754ab40df6ff
Devops Engineer AWS @ Megazone Cloud US - Jobs,Megazone,Ashby,completed,Not Enabled,No,3/20/2026,Word Resume,https://jobs.ashbyhq.com/megazone/531410f6-2eba-4632-a5e0-536a2a4c14ee/application
Job Application for Senior Systems Operations Engineer at DistroKid,Distrokid,Greenhouse,completed,Not Enabled,No,3/20/2026,Word Resume,https://job-boards.greenhouse.io/distrokid/jobs/4186503009
Staff Site Reliability Engineer @ Dave - Jobs,Dave,Ashby,completed,Not Enabled,No,3/20/2026,Word Resume,https://jobs.ashbyhq.com/dave/8520d98e-5eb1-4f1a-8ede-7c2c672b6ad6
Sr. Site Reliability Engineer (Database focused) - Greenhouse,Ispottv,Greenhouse,completed,Not Enabled,No,3/20/2026,Word Resume,https://job-boards.greenhouse.io/ispottv/jobs/4674626005
Job Application for Senior Site Reliability Engineer at Podium,Podium81,Greenhouse,completed,Not Enabled,No,3/20/2026,Word Resume,http://job-boards.greenhouse.io/podium81/jobs/7717548
Job Application for Senior Site Reliability Engineer at Wikimedia ...,Wikimedia,Greenhouse,completed,Not Enabled,No,3/20/2026,Word Resume,https://job-boards.greenhouse.io/wikimedia/jobs/7732949
DevOps Engineer L1 - Vantage at AlphaGrep Securities - Greenhouse,Alphagrepsecurities,Greenhouse,completed,Not Enabled,No,3/20/2026,Word Resume,https://job-boards.greenhouse.io/alphagrepsecurities/jobs/8465532002
Sr. Site Reliability Engineer - Top Secret Clearance (Starlink),Spacex,Greenhouse,completed,Not Enabled,No,3/20/2026,Word Resume,https://job-boards.greenhouse.io/spacex/jobs/8449024002
Job Application for Senior DevOps Engineer at Beyond Finance,Beyondfinance,Greenhouse,completed,Not Enabled,No,3/20/2026,Word Resume,https://job-boards.greenhouse.io/beyondfinance/jobs/7658819
Job Application for Site Reliability Engineer at Everpure - Greenhouse,Purestorage,Greenhouse,completed,Not Enabled,No,3/20/2026,Word Resume,https://job-boards.greenhouse.io/purestorage/jobs/7646022
Job Application for Senior/Staff Site Reliability Engineer at fal,Fal,Greenhouse,completed,Not Enabled,No,3/20/2026,Word Resume,http://job-boards.greenhouse.io/fal/jobs/4183624009
DevOps Engineer @ HavocAI - Jobs,Havocai,Ashby,completed,Not Enabled,No,3/20/2026,Word Resume,https://jobs.ashbyhq.com/havocai/0ec8458c-bd5b-480e-9028-d7a2243df0cc
"Site Reliability Engineer, Infrastructure Shared Services - Greenhouse",Purestorage,Greenhouse,completed,Not Enabled,No,3/20/2026,Word Resume,http://job-boards.greenhouse.io/purestorage/jobs/7669252
Job Application for Junior Software Engineer (Internship) at Cresta,Cresta,Greenhouse,completed,Not Enabled,No,3/19/2026,Word Resume,https://job-boards.greenhouse.io/cresta/jobs/5132105008
Software Engineer - New Grad (NYC) @ Angle Health - Jobs,Anglehealth,Ashby,completed,Not Enabled,No,3/19/2026,Word Resume,https://jobs.ashbyhq.com/anglehealth/57a7f685-b5db-46d7-8531-b86a830712af
Job Application for Senior Software Engineer (Platform) at Altium,Altium,Greenhouse,completed,Not Enabled,No,3/19/2026,Word Resume,https://job-boards.greenhouse.io/altium/jobs/4659820006
"Senior Software Engineer, Backend (AI) @ Posh - Jobs",Posh,Ashby,completed,Not Enabled,No,3/19/2026,Word Resume,https://jobs.ashbyhq.com/posh/11ac6573-ddf1-4293-a551-914b993ab59a
"Job Application for Principal Software Engineer, Platform ...",Legion,Greenhouse,completed,Not Enabled,No,3/19/2026,Word Resume,https://job-boards.greenhouse.io/legion/jobs/7668331003
Senior Software Engineer – SDA - Greenhouse,Katalyst,Greenhouse,completed,Not Enabled,No,3/19/2026,Word Resume,https://job-boards.greenhouse.io/katalyst/jobs/5825964004
Network Switch SDK – Software Developer - Bangalore | Eridu AI ...,Eridu Ai,Rippling,completed,Not Enabled,No,3/19/2026,Word Resume,https://ats.rippling.com/en-GB/eridu-ai/jobs/b489eaba-1219-401e-9c9e-5c304bf114ad
"Job Application for Software Engineer, Assist at Algolia - Greenhouse",Algolia,Greenhouse,completed,Not Enabled,No,3/19/2026,Word Resume,https://job-boards.greenhouse.io/algolia/jobs/5803235004
Senior Software Engineer - Jobs,Jamssoftware,Ashby,completed,Not Enabled,No,3/19/2026,Word Resume,https://jobs.ashbyhq.com/jamssoftware/0018d372-4e37-483d-8454-e4ad42a1be22
Senior Software Developer - Motion Planning at Avride - Greenhouse,Avride,Greenhouse,completed,Not Enabled,No,3/19/2026,Word Resume,https://job-boards.greenhouse.io/avride/jobs/4179425009
"Senior Software Engineer, Integrations/Solutions @ Curri - Jobs",Curri,Ashby,completed,Not Enabled,No,3/19/2026,Word Resume,https://jobs.ashbyhq.com/curri/cf6be4d4-4268-4c19-b185-d546e5732bf3
"Senior/Lead Software Engineer, Database System - Rippling",Celerdataopenroles,Rippling,completed,Not Enabled,No,3/19/2026,Word Resume,https://ats.rippling.com/celerdataopenroles/jobs/20f0d977-aee7-4941-9f65-0a91ee9ebe90
"Software Engineer (Java, Angular, Kubernetes) - Greenhouse",540,Greenhouse,completed,Not Enabled,No,3/19/2026,Word Resume,https://job-boards.greenhouse.io/540/jobs/7670780003
Senior Software Engineer-AI Enabled Development,Onevalor,Rippling,completed,Not Enabled,No,3/19/2026,Word Resume,https://ats.rippling.com/onevalor/jobs/c3e8ca5f-fc86-4113-9f92-0c308e1f75a7
Job Application for System Software Engineer at HP IQ - Greenhouse,Hpiq,Greenhouse,completed,Not Enabled,No,3/19/2026,Word Resume,https://job-boards.greenhouse.io/hpiq/jobs/5813259004
Staff Software Engineer - Search & Detection - Greenhouse,Pantherlabs,Greenhouse,completed,Not Enabled,No,3/19/2026,Word Resume,https://job-boards.greenhouse.io/pantherlabs/jobs/7651669003
"Staff Software Engineer, Data Platform - Rippling",Plenful,Rippling,completed,Not Enabled,No,3/19/2026,Word Resume,https://ats.rippling.com/plenful/jobs/9527e784-c605-448e-b06a-17581122ce9b
Contract Software Engineer (Test Architect) - Greenhouse,Stablekernel,Greenhouse,completed,Not Enabled,No,3/19/2026,Word Resume,https://job-boards.greenhouse.io/stablekernel/jobs/7666005003
Pomelo Care - Software Engineer (All Levels) - Greenhouse,Pomelocare,Greenhouse,completed,Not Enabled,No,3/19/2026,Word Resume,http://job-boards.greenhouse.io/pomelocare/jobs/5818203004
"Senior Software Engineer, Client Development (C# / Rust)",Keepersecurity,Greenhouse,completed,Not Enabled,No,3/19/2026,Word Resume,https://job-boards.greenhouse.io/keepersecurity/jobs/4185741009
Software Engineer (Builders Welcome) | pmtbox - Rippling,Pmtbox,Rippling,completed,Not Enabled,No,3/19/2026,Word Resume,https://ats.rippling.com/pmtbox/jobs/b66005f6-a08e-4a67-876f-8ecf3d022f07
Job Application for Senior Software Engineer at inKind - Greenhouse,Inkind,Greenhouse,completed,Not Enabled,No,3/19/2026,Word Resume,http://job-boards.greenhouse.io/inkind/jobs/5153563008
"Job Application for Staff Software Engineer, Frontend at GlossGenius",Glossgenius,Greenhouse,completed,Not Enabled,No,3/19/2026,Word Resume,http://job-boards.greenhouse.io/glossgenius/jobs/7654659003
Job Application for Software Engineer at Cohere Health - Greenhouse,Coherehealth,Greenhouse,completed,Not Enabled,No,3/19/2026,Word Resume,https://job-boards.greenhouse.io/coherehealth/jobs/7653489003
"Senior Software Engineer, AI Agents @ DataSnipper - Jobs",Datasnipper.com,Ashby,completed,Not Enabled,No,3/19/2026,Word Resume,https://jobs.ashbyhq.com/datasnipper.com/4b98cae3-3391-44fd-a71d-ea7d2e6cfba3?urlHash=sVU8
Senior Embedded Software Engineer - Rippling,Lynx Software Technologies,Rippling,completed,Not Enabled,No,3/19/2026,Word Resume,https://ats.rippling.com/lynx-software-technologies/jobs/9f746398-a305-43d4-ac97-3e2c780e6755
"Job Application for Staff Software Engineer, Ads Safety at Reddit",Reddit,Greenhouse,completed,Not Enabled,No,3/19/2026,Word Resume,https://job-boards.greenhouse.io/reddit/jobs/7655999
Software Engineer | Beam Benefits - Rippling,Beam Benefits,Rippling,completed,Not Enabled,No,3/19/2026,Word Resume,https://ats.rippling.com/beam-benefits/jobs/0fd24877-83b6-46ea-90ab-e11c8bbd11d3
"Job Application for Senior Software Engineer at DHI Group, Inc.",Dhigroupinc,Greenhouse,completed,Not Enabled,No,3/19/2026,Word Resume,https://job-boards.greenhouse.io/dhigroupinc/jobs/7670499003
"Job Application for Software Engineer, Fullstack at Mixpanel",Mixpanel,Greenhouse,completed,Not Enabled,No,3/19/2026,Word Resume,https://job-boards.greenhouse.io/mixpanel/jobs/7670800
Job Application for Staff Software Engineer at Inspiren - Greenhouse,Inspiren,Greenhouse,completed,Not Enabled,No,3/19/2026,Word Resume,https://job-boards.greenhouse.io/inspiren/jobs/5082475007
Job Application for Senior Software Engineer ll at dbt Labs,Dbtlabsinc,Greenhouse,completed,Not Enabled,No,3/19/2026,Word Resume,https://job-boards.greenhouse.io/dbtlabsinc/jobs/4664640005
Job Application for Staff Software Engineer at DoorDash USA,Doordashusa,Greenhouse,completed,Not Enabled,No,3/19/2026,Word Resume,https://job-boards.greenhouse.io/doordashusa/jobs/7727512
"Senior Software Engineer, Billing @ Scribe - Jobs",Scribe,Ashby,completed,Not Enabled,No,3/19/2026,Word Resume,https://jobs.ashbyhq.com/scribe/7ed7a60c-02bf-48df-855e-e2ea4a1ccde2?embed=js
Job Application for Software Engineer II at Dimagi - Greenhouse,Dimagi,Greenhouse,completed,Not Enabled,No,3/19/2026,Word Resume,https://job-boards.greenhouse.io/dimagi/jobs/7721272
Job Application for Senior / Staff Software Engineer at Instawork,Instawork,Greenhouse,completed,Not Enabled,No,3/19/2026,Word Resume,https://job-boards.greenhouse.io/instawork/jobs/4658858006
Senior Backend Software Engineer @ Tennr - Jobs,Tennr,Ashby,completed,Not Enabled,No,3/19/2026,Word Resume,https://jobs.ashbyhq.com/tennr/3989dc49-5e46-466a-ab74-837ad7e7f0e1
"Job Application for Senior Software Engineer, Backend (Consumer ...",Affirm,Greenhouse,completed,Not Enabled,No,3/19/2026,Word Resume,https://job-boards.greenhouse.io/affirm/jobs/7663436003
Software Engineer 1 - Full Stack (Frontend Leaning),Rippling,Rippling,completed,Not Enabled,No,3/19/2026,Word Resume,https://ats.rippling.com/rippling/jobs/14296e70-f779-4c5a-82c6-8306d0cd2ccf
Job Application for Senior Software Engineer at Topstep - Greenhouse,Topsteptrader,Greenhouse,completed,Not Enabled,No,3/19/2026,Word Resume,https://job-boards.greenhouse.io/topsteptrader/jobs/7668191003
Senior Site Reliability Engineer @ northwoodspace - Jobs,Northwoodspace,Ashby,completed,Not Enabled,No,3/19/2026,Word Resume,https://jobs.ashbyhq.com/northwoodspace/510573cb-08ec-4711-9d9f-29dc41a90eee
DevOps Engineer @ Zero RFI - Jobs,Zero,Ashby,completed,Not Enabled,No,3/19/2026,Word Resume,https://jobs.ashbyhq.com/Zero/273f29ae-789d-46d6-b928-b38853b57a3e
Job Application for Site Reliability Engineer at Attain - Greenhouse,Attain,Greenhouse,completed,Not Enabled,No,3/19/2026,Word Resume,https://job-boards.greenhouse.io/attain/jobs/5762450004
U.S. Senior DevOps Engineer @ Jump - Jobs,Jump App,Ashby,completed,Not Enabled,No,3/19/2026,Word Resume,https://jobs.ashbyhq.com/jump-app/b53f05ce-9647-4474-b9ae-b3cc3ba6e9b8
Sr./Staff - Infrastructure/Site Reliability Engineer (SRE) @ Oscilar,Oscilar,Ashby,completed,Not Enabled,No,3/19/2026,Word Resume,https://jobs.ashbyhq.com/oscilar/41bf0f36-fc46-4bad-940b-58ca82b09989/application
"Site Reliability Engineer, Inference Infrastructure @ Cohere - Jobs",Cohere,Ashby,completed,Not Enabled,No,3/19/2026,Word Resume,https://jobs.ashbyhq.com/cohere/8b6696e1-f1c4-4010-bde9-3cec1340a2a6
Senior DevOps Engineer - Rippling,Paneratech101fe Us,Rippling,completed,Not Enabled,No,3/19/2026,Word Resume,https://ats.rippling.com/paneratech101fe_us/jobs/95c4cc43-6d4f-444f-86f9-565ca62392f3
Senior DevOps Engineer/SRE | FlexAI - Rippling,Flexai,Rippling,completed,Not Enabled,No,3/19/2026,Word Resume,https://ats.rippling.com/flexai/jobs/d682e1d6-09bb-4cb4-829e-140b10158165
Site Reliability Engineer,Crunchafi Llc,Rippling,completed,Not Enabled,No,3/19/2026,Word Resume,https://ats.rippling.com/crunchafi-llc/jobs/a877c61a-4b8e-4cd5-bfcf-eeb271b994fc
DevOps Engineer (ASB-CE India) - Rippling,Innovatise,Rippling,completed,Not Enabled,No,3/19/2026,Word Resume,https://ats.rippling.com/innovatise/jobs/be1d7109-74f6-4fd3-b7e7-a1f7fc067964
Site Reliability Engineer (SRE) - Greenhouse,Florencehealthcare,Greenhouse,completed,Not Enabled,No,3/19/2026,Word Resume,https://job-boards.greenhouse.io/florencehealthcare/jobs/4643514005
Job Application for Senior Site Reliability Engineer (SRE & Platform ...,Affirm,Greenhouse,completed,Not Enabled,No,3/19/2026,Word Resume,https://job-boards.greenhouse.io/affirm/jobs/6681466003
Lead Site Reliability Engineer | Bridge Defense,Bridge Defense,Rippling,completed,Not Enabled,No,3/19/2026,Word Resume,https://ats.rippling.com/bridge-defense/jobs/543a42ca-f477-4054-96bd-b6034d5b5a6e
DevOps Engineer,Impartner Software,Rippling,completed,Not Enabled,No,3/19/2026,Word Resume,https://ats.rippling.com/impartner-software/jobs/07eed8e8-7ee9-44e2-a62c-22f8af71a3f7
Job Application for Senior Site Reliability Engineer at Affirm,Affirm,Greenhouse,completed,Not Enabled,No,3/19/2026,Word Resume,https://job-boards.greenhouse.io/affirm/jobs/7511995003
Job Application for Staff Site Reliability Engineer at Prove,Prove,Greenhouse,completed,Not Enabled,No,3/19/2026,Word Resume,https://job-boards.greenhouse.io/prove/jobs/5814025004
Job Application for Site Reliability Engineer at Striveworks,Striveworks,Greenhouse,completed,Not Enabled,No,3/19/2026,Word Resume,https://job-boards.greenhouse.io/striveworks/jobs/7663365003
Automation & DevOps Engineer,Cloudclevr,Rippling,completed,Not Enabled,No,3/19/2026,Word Resume,https://ats.rippling.com/cloudclevr/jobs/fdbf12cb-34e8-434b-8a6d-42e2bb3b6747
Job Application for Senior DevOps Engineer at Awetomaton,Awetomaton,Greenhouse,completed,Not Enabled,No,3/19/2026,Word Resume,https://job-boards.greenhouse.io/awetomaton/jobs/4861968008
Site Reliability Engineer | Bolt Graphics - Rippling,Bolt Graphics,Rippling,completed,Not Enabled,No,3/19/2026,Word Resume,https://ats.rippling.com/en-US/bolt-graphics/jobs/07e62068-37c4-4134-8dd8-fa94065cd621
Site Reliability Engineer - Rippling,Flex Dental,Rippling,completed,Not Enabled,No,3/19/2026,Word Resume,https://ats.rippling.com/en-US/flex-dental/jobs/87a0b318-5b40-4077-8144-f3ee43abbb38
Senior DevOps Engineer @ EliseAI - Jobs,Eliseai,Ashby,completed,Not Enabled,No,3/19/2026,Word Resume,https://jobs.ashbyhq.com/eliseai/fe19cade-c6ec-4552-8b49-3f45107f2466
Job Application for Senior DevOps Engineer at Patriot Software,55564patriot334567software868575745,Greenhouse,completed,Not Enabled,No,3/19/2026,Word Resume,https://job-boards.greenhouse.io/55564patriot334567software868575745/jobs/4091852009
Senior DevOps Engineer (AWS Cloud Platform),Smartsuite,Rippling,completed,Not Enabled,No,3/19/2026,Word Resume,https://ats.rippling.com/smartsuite/jobs/bee302a6-d0fc-4085-a448-2c45ba7a88a2
Senior DevOps Engineer - Truv - Lever,Truv,Lever,completed,Not Enabled,No,3/19/2026,Word Resume,https://jobs.lever.co/truv/4049ad13-7b17-4638-bf5d-2c4079474010/apply
Job Application for DevOps Engineer at LivePerson - Greenhouse,Liveperson,Greenhouse,completed,Not Enabled,No,3/19/2026,Word Resume,https://job-boards.greenhouse.io/liveperson/jobs/7728936
Lead Site Reliability Engineer – IT Support Automation @ EverOps,Everops,Ashby,completed,Not Enabled,No,3/19/2026,Word Resume,https://jobs.ashbyhq.com/EverOps/5009aa78-dd45-4362-95bc-2c7e33300a0e
Streaming Infrastructure DevOps Engineer - Greenhouse,Armissecurity,Greenhouse,completed,Not Enabled,No,3/19/2026,Word Resume,https://job-boards.greenhouse.io/armissecurity/jobs/5785485004
Job Application for Senior Devops Engineer at Relai - Greenhouse,Technology,Greenhouse,completed,Not Enabled,No,3/19/2026,Word Resume,https://job-boards.greenhouse.io/technology/jobs/4813809101
Senior Site Reliability Engineer | Shippo,Shippo,Rippling,completed,Not Enabled,No,3/19/2026,Word Resume,https://ats.rippling.com/shippo/jobs/048cffe9-51eb-4cf6-acf5-5fe0f81c61ec
Job Application for Site Reliability Engineer at Kalshi - Greenhouse,Kalshi,Greenhouse,completed,Not Enabled,No,3/19/2026,Word Resume,http://job-boards.greenhouse.io/kalshi/jobs/6567367003
DevOps Engineer @ CodeRabbit - Jobs,Coderabbit,Ashby,completed,Not Enabled,No,3/19/2026,Word Resume,https://jobs.ashbyhq.com/coderabbit/0634050b-d6a2-40b0-b33e-d9d1acae4d7f
"Senior Software Engineer, Site Reliability Engineer (SRE) @ Harvey",Harvey,Ashby,completed,Not Enabled,No,3/19/2026,Word Resume,https://jobs.ashbyhq.com/harvey/c9cea360-f0b6-4a93-b7b3-0f0145b02ffe
Site Reliability Engineer (SRE) @ Baseten - Jobs,Baseten,Ashby,completed,Not Enabled,No,3/19/2026,Word Resume,https://jobs.ashbyhq.com/baseten/916e9d62-492a-4562-971f-3e97e3868392
Job Application for Site Reliability Engineer at DevRev - Greenhouse,Devrev,Greenhouse,completed,Not Enabled,No,3/19/2026,Word Resume,https://job-boards.greenhouse.io/devrev/jobs/5740365004
Job Application for Senior DevOps Engineer at Kunai - Greenhouse,Kunai,Greenhouse,completed,Not Enabled,No,3/19/2026,Word Resume,https://job-boards.greenhouse.io/kunai/jobs/5077325007
Site Reliability Engineer @ Kalshi - Jobs,Kalshi,Ashby,completed,Not Enabled,No,3/19/2026,Word Resume,https://jobs.ashbyhq.com/kalshi/ab6fdd99-df25-44ae-b15d-3a9ca7807387
Job Application for Senior Site Reliability Engineer at Akuity,Akuity,Greenhouse,completed,Not Enabled,No,3/19/2026,Word Resume,https://job-boards.greenhouse.io/akuity/jobs/4186344009
Site Reliability Engineer,Plenful,Rippling,completed,Not Enabled,No,3/19/2026,Word Resume,https://ats.rippling.com/plenful/jobs/a60e3522-e7f1-4f91-9470-7dd187583e63
DevOps Engineer,Blitzy Jobs,Rippling,completed,Not Enabled,No,3/19/2026,Word Resume,https://ats.rippling.com/blitzy-jobs/jobs/9def6a8f-3878-4720-9fc3-9892024f47aa
DevOps Engineer @ 0g Labs - Jobs,0g,Ashby,completed,Not Enabled,No,3/19/2026,Word Resume,https://jobs.ashbyhq.com/0g/cc109ddf-279a-4359-8516-86f2a5c18e99
Senior Site Reliability Engineer @ DevSavant Inc. - Jobs,Devsavant,Ashby,completed,Not Enabled,No,3/18/2026,Word Resume,https://jobs.ashbyhq.com/devsavant/bd641e53-5a82-4dd7-8292-635f1244aafc
"Senior DevOps Engineer (Perm, UK, Remote) - Greenhouse",Nearform,Greenhouse,completed,Not Enabled,No,3/18/2026,Word Resume,https://job-boards.greenhouse.io/nearform/jobs/7666151003
"Binance - Senior/Staff DevOps Engineer, Trading Technology - Lever",Binance,Lever,completed,Not Enabled,No,3/18/2026,Word Resume,https://jobs.lever.co/binance/16dbad96-a66f-4a21-ab29-9badf86e1353/apply?source=web3.career&lever-origin=applied&lever-source%5B%5D=web3.career
Site Reliability Engineer @ Lean TECHniques - Jobs,Leantechniques,Ashby,completed,Not Enabled,No,3/18/2026,Word Resume,https://jobs.ashbyhq.com/leantechniques/9c8abfce-abf5-43e7-b48c-54a627a6468b
Job Application for Semi-senior DevOps at EverPass Media,Everpass,Greenhouse,completed,Not Enabled,No,3/18/2026,Word Resume,https://job-boards.greenhouse.io/everpass/jobs/8427644002
Infrastructure & Site Reliability Engineer @ Atomic Semi - Jobs,Atomicsemi,Ashby,completed,Not Enabled,No,3/18/2026,Word Resume,https://jobs.ashbyhq.com/AtomicSemi/86a886e7-beac-479c-9731-292cea5f0f01?embed=js
Job Application for Senior Staff DevOps Engineer at Sonatus,Sonatus,Greenhouse,completed,Not Enabled,No,3/18/2026,Word Resume,http://job-boards.greenhouse.io/sonatus/jobs/5069995007?gh_src=ele3ku537us
Job Application for Senior DevOps Engineer - AWS at Capco,Capco,Greenhouse,completed,Not Enabled,No,3/18/2026,Word Resume,https://job-boards.greenhouse.io/capco/jobs/7680001
Job Application for Senior Site Reliability Engineer I at Sumo Logic,Sumologic,Greenhouse,completed,Not Enabled,No,3/18/2026,Word Resume,https://job-boards.greenhouse.io/sumologic/jobs/7580074
DevOps Engineer @ Zowie - Jobs,Zowie,Ashby,completed,Not Enabled,No,3/18/2026,Word Resume,https://jobs.ashbyhq.com/zowie/0d9987d4-aa44-4baa-9c40-d1886e6c889a
DevOps Engineer @ Hawk-Eye Innovations (HEI) - Jobs,Hawkeyeinnovations,Ashby,completed,Not Enabled,No,3/18/2026,Word Resume,https://jobs.ashbyhq.com/hawkeyeinnovations/8ad1131f-16ab-4c3f-971b-dab7d4d9000c?embed=js
Staff DevOps Engineer (Infrastructure) @ Zeely Inc. - Jobs,Zeely,Ashby,completed,Not Enabled,No,3/18/2026,Word Resume,https://jobs.ashbyhq.com/zeely/cbe0123b-9730-469a-a8cb-5ad088e7f2b0
Senior Software Site Reliability Engineer II - Greenhouse,Creditkarma,Greenhouse,completed,Not Enabled,No,3/18/2026,Word Resume,https://job-boards.greenhouse.io/creditkarma/jobs/7636388003
Senior Site Reliability Engineer @ Kontakt.io - Jobs,Kontakt,Ashby,completed,Not Enabled,No,3/18/2026,Word Resume,https://jobs.ashbyhq.com/kontakt/e8778e3f-ce55-415a-b0a3-251392c6af49?embed=js
FS2 - DevOps Engineer (TS/SCI Clearance Required) - Greenhouse,Northpointtechnology,Greenhouse,completed,Not Enabled,No,3/18/2026,Word Resume,https://job-boards.greenhouse.io/northpointtechnology/jobs/8456182002
Job Application for Senior Site Reliability Engineer at Latitude AI,Latitude,Greenhouse,completed,Not Enabled,No,3/18/2026,Word Resume,https://job-boards.greenhouse.io/latitude/jobs/7614455
Job Application for Site Reliability Engineer at Amwell - Greenhouse,Amwell,Greenhouse,completed,Not Enabled,No,3/18/2026,Word Resume,https://job-boards.greenhouse.io/amwell/jobs/4178518009
Job Application for Staff Site Reliability Engineer at Luno,Luno,Greenhouse,completed,Not Enabled,No,3/18/2026,Word Resume,https://job-boards.greenhouse.io/luno/jobs/7703943
Development Security Operations Engineer (Healthcare Consulting),Icp,Rippling,completed,Not Enabled,No,3/18/2026,Word Resume,https://ats.rippling.com/icp/jobs/716ab5d5-442f-459a-a198-b8a090b528ad
"Sr. Site Reliability Engineer, Security - Greenhouse",Centralreach,Greenhouse,completed,Not Enabled,No,3/18/2026,Word Resume,https://job-boards.greenhouse.io/centralreach/jobs/4181882009
Lead Site Reliability Engineer – IT Support Automation - Jobs,Everops,Ashby,completed,Not Enabled,No,3/18/2026,Word Resume,https://jobs.ashbyhq.com/EverOps/5009aa78-dd45-4362-95bc-2c7e33300a0e/application
Job Application for DevOps Engineer at SmartBear - Greenhouse,Smartbear,Greenhouse,completed,Not Enabled,No,3/18/2026,Word Resume,https://job-boards.greenhouse.io/smartbear/jobs/7644991003
DevOps Engineer @ Pursuit - Jobs,Pursuit,Ashby,completed,Not Enabled,No,3/18/2026,Word Resume,https://jobs.ashbyhq.com/pursuit/b9f478e3-a09f-4ff6-8d07-07199665e4d6?embed=js
Job Application for Site Reliability Engineer at Fireblocks,Fireblocks,Greenhouse,completed,Not Enabled,No,3/18/2026,Word Resume,http://job-boards.greenhouse.io/fireblocks/jobs/4656035006
Senior Site Reliability Engineer - Tactical Reconnaissance & Strike,Andurilindustries,Greenhouse,completed,Not Enabled,No,3/18/2026,Word Resume,http://job-boards.greenhouse.io/andurilindustries/jobs/5065103007
Job Application for Staff Site Reliability Engineer at AlphaSense,Alphasense,Greenhouse,completed,Not Enabled,No,3/18/2026,Word Resume,https://job-boards.greenhouse.io/alphasense/jobs/8420858002
Job Application for Staff Site Reliability Engineer at SmarterDx,Smarterdx,Greenhouse,completed,Not Enabled,No,3/18/2026,Word Resume,http://job-boards.greenhouse.io/smarterdx/jobs/5078050007
Job Application for Site Reliability Engineer at Ivanti - Greenhouse,A3c41b8b71eff8c4,Greenhouse,completed,Not Enabled,No,3/18/2026,Word Resume,https://job-boards.greenhouse.io/a3c41b8b71eff8c4/jobs/7519836003
Job Application for Site Reliability Engineer at Ivanti - Greenhouse,A3c41b8b71eff8c4,Greenhouse,completed,Not Enabled,No,3/18/2026,Word Resume,https://job-boards.greenhouse.io/a3c41b8b71eff8c4/jobs/7519834003?gh_src=y95q2xch3us
Senior Site Reliability Engineer / DevOps - Greenhouse,Ubiquiti,Greenhouse,completed,Not Enabled,No,3/18/2026,Word Resume,https://job-boards.greenhouse.io/ubiquiti/jobs/4077641009
"Senior Software Engineer, Full Stack @ Valence - Jobs",Jobs Valence,Ashby,completed,Not Enabled,No,3/17/2026,Word Resume,https://jobs.ashbyhq.com/jobs-valence/33fd14fd-b926-4a98-a06f-e886559c18f0
Senior Software Developer - Python/React @ JBS Dev - Jobs,Jbs Dev,Ashby,completed,Not Enabled,No,3/17/2026,Word Resume,https://jobs.ashbyhq.com/jbs-dev/b59a173a-5990-4995-97c7-4a615864f885
Senior Software Engineer II (Shopware),Ebizcharge,Rippling,completed,Not Enabled,No,3/17/2026,Word Resume,https://ats.rippling.com/ebizcharge/jobs/f78fef9e-b474-41d6-b192-5e158afadbca
"Software Engineer, AI Infrastructure",Harelldata,Rippling,completed,Not Enabled,No,3/17/2026,Word Resume,https://ats.rippling.com/harelldata/jobs/0b7aa38e-2c9e-4b93-abfc-c664e00787b7
Principal Software Engineer - Full Stack @ Zero RFI - Jobs,Zero,Ashby,completed,Not Enabled,No,3/17/2026,Word Resume,https://jobs.ashbyhq.com/Zero/8087f2bc-9cc4-439c-b8eb-902ac81a1474
"Software Engineer, Frontend @ Sim - Jobs",Sim,Ashby,completed,Not Enabled,No,3/17/2026,Word Resume,https://jobs.ashbyhq.com/sim/53142439-6fd6-4adf-ae61-438cd49afe82
"Senior Software Engineer, Transaction @ Turquoise - Jobs",Turquoise Health,Ashby,completed,Not Enabled,No,3/17/2026,Word Resume,https://jobs.ashbyhq.com/turquoise-health/87306d91-a18e-490c-b4e6-4758d63b12a1
"Senior Software Engineer, Fullstack @ Hinge Health - Jobs",Hinge Health,Ashby,completed,Not Enabled,No,3/17/2026,Word Resume,https://jobs.ashbyhq.com/hinge-health/5626ed5f-319b-446e-8a4b-48a2e1a36d7d
"Software Engineer, GenAI @ Abridge - Jobs",Abridge,Ashby,completed,Not Enabled,No,3/17/2026,Word Resume,https://jobs.ashbyhq.com/abridge/897709b2-e03d-4574-8611-5cfd669adde9
Software Engineer - AI & Workflow Automation,Halker Consulting,Rippling,completed,Not Enabled,No,3/17/2026,Word Resume,https://ats.rippling.com/halker-consulting/jobs/9d4b8a72-70db-4b26-ae83-d5e3ca1b4103
Senior Software Engineer - Cloud Platform at Latitude AI - Greenhouse,Latitude,Greenhouse,completed,Not Enabled,No,3/17/2026,Word Resume,https://job-boards.greenhouse.io/latitude/jobs/7614470
"Software Developer, DevOps - Rippling",Kraken Robotics Inc,Rippling,completed,Not Enabled,No,3/17/2026,Word Resume,https://ats.rippling.com/kraken-robotics-inc/jobs/55a93670-1c8e-4d56-aa67-67d0aa7a0ad9
Senior Embedded Software Engineer,Heads Up Technologies,Rippling,completed,Not Enabled,No,3/17/2026,Word Resume,https://ats.rippling.com/heads-up-technologies/jobs/a03ffea8-16ad-4e7d-8ef1-01101ed15a24
Staff Backend Software Engineer (Java/Scala) - Greenhouse,Lookoutinc,Greenhouse,completed,Not Enabled,No,3/17/2026,Word Resume,https://job-boards.greenhouse.io/lookoutinc/jobs/7646260
Software Engineer @ Prosper AI - Jobs,Prosper Ai,Ashby,completed,Not Enabled,No,3/17/2026,Word Resume,https://jobs.ashbyhq.com/prosper-ai/92f63920-a269-4039-8cf9-2e0c622c4d9f?embed=js
Staff Software Engineer - Tech Lead - Rippling,Cerby,Rippling,completed,Not Enabled,No,3/17/2026,Word Resume,https://ats.rippling.com/cerby/jobs/7171c470-4c7c-4215-9b2a-26ae5a702dc8
Software Engineer - Storage & Observability (Early Career),Togetherai,Greenhouse,completed,Not Enabled,No,3/17/2026,Word Resume,https://job-boards.greenhouse.io/togetherai/jobs/5073769007
Job Application for Senior Software Engineer at OneTrust,Onetrust,Greenhouse,completed,Not Enabled,No,3/17/2026,Word Resume,https://job-boards.greenhouse.io/onetrust/jobs/7688436
Lead/ Sr. Software Engineer | Sanas - Rippling,Sanas,Rippling,completed,Not Enabled,No,3/17/2026,Word Resume,https://ats.rippling.com/sanas/jobs/cca41bc6-9cc1-4c4c-a9f9-2b45dcd6061d
Job Application for Software Engineer - Care Quality at Grow Therapy,Growtherapy,Greenhouse,completed,Not Enabled,No,3/17/2026,Word Resume,https://job-boards.greenhouse.io/growtherapy/jobs/4667873005
"Job Application for Senior Software Engineer, iOS at Maven Clinic",Mavenclinic,Greenhouse,completed,Not Enabled,No,3/17/2026,Word Resume,https://job-boards.greenhouse.io/mavenclinic/jobs/8432072002
Staff Software Engineer @ Arch - Jobs,Arch.co,Ashby,completed,Not Enabled,No,3/17/2026,Word Resume,https://jobs.ashbyhq.com/arch.co/d93774ed-0c10-4755-82f6-c9042fdce517
Software Engineer @ fastino.ai - Jobs,Fastino Ai,Ashby,completed,Not Enabled,No,3/17/2026,Word Resume,https://jobs.ashbyhq.com/fastino-ai/45bddd8a-5cfe-4041-ad98-1c6c85992d1b
Senior Software Engineer | CEM Benchmarking,Cem Benchmarking,Rippling,completed,Not Enabled,No,3/17/2026,Word Resume,https://ats.rippling.com/cem-benchmarking/jobs/c00406ce-b696-4f26-a167-fbdf4d6c0507
"Senior Software Engineer, Full-Stack (Trust & Safety) - Greenhouse",Affirm,Greenhouse,completed,Not Enabled,No,3/17/2026,Word Resume,https://job-boards.greenhouse.io/affirm/jobs/7624374003
"Software Engineer, AI Platform @ Harvey - Jobs",Harvey,Ashby,completed,Not Enabled,No,3/17/2026,Word Resume,https://jobs.ashbyhq.com/harvey/f47e1925-2a89-4264-8a1b-09cd9215f4dd
Senior Software Engineer - Custom Projects @ H2 Analytics - Jobs,H2analytics,Ashby,completed,Not Enabled,No,3/17/2026,Word Resume,https://jobs.ashbyhq.com/h2analytics/7df4867e-08cb-483b-b67f-e73e8d6b39c3
Backend Software Engineer — Data Platform & AI Data Products,Togetherai,Greenhouse,completed,Not Enabled,No,3/17/2026,Word Resume,https://job-boards.greenhouse.io/togetherai/jobs/5064263007
"Staff Software Engineer, Front End @ Perchwell - Jobs",Perchwell,Ashby,completed,Not Enabled,No,3/17/2026,Word Resume,https://jobs.ashbyhq.com/Perchwell/95167b1c-7355-4fc9-b955-e200019a33fd
"Job Application for Sr./Software Engineer at Ceribell, Inc - Greenhouse",Ceribell,Greenhouse,completed,Not Enabled,No,3/17/2026,Word Resume,https://job-boards.greenhouse.io/ceribell/jobs/5802294004?gh_jid=5802294004
"Job Application for Software Engineer at Nextdoor, Inc. - Greenhouse",Job Openings,Greenhouse,completed,Not Enabled,No,3/17/2026,Word Resume,https://job-boards.greenhouse.io/job-openings/jobs/7688719
"Job Application for Sr. Software Engineer, Inference at Anthropic",Anthropic,Greenhouse,completed,Not Enabled,No,3/17/2026,Word Resume,http://job-boards.greenhouse.io/anthropic/jobs/5152348008
"Payabli - Senior Software Engineer, Mobile - Jobs",Payabli,Ashby,completed,Not Enabled,No,3/17/2026,Word Resume,https://jobs.ashbyhq.com/payabli/41d74e9b-c425-4165-97ee-bb5c96767dbd
Backend Software Engineer @ Perplexity - Jobs,Perplexity,Ashby,completed,Not Enabled,No,3/17/2026,Word Resume,https://jobs.ashbyhq.com/perplexity/2b5a9f9c-7cd5-4579-b7c2-69d09e0214c8
"Staff Software Engineer, Agent Orchestration @ Decagon - Jobs",Decagon,Ashby,completed,Not Enabled,No,3/17/2026,Word Resume,https://jobs.ashbyhq.com/decagon/bb53080a-2945-4d39-9ef3-ef9a6fce6219
"Job Application for Staff Software Engineer, Backend at MasterClass",Masterclass,Greenhouse,completed,Not Enabled,No,3/17/2026,Word Resume,https://job-boards.greenhouse.io/masterclass/jobs/7642238
Software Developer - AI Trainer @ Handshake - Jobs,Handshake,Ashby,completed,Not Enabled,No,3/17/2026,Word Resume,https://jobs.ashbyhq.com/handshake/bd12564f-bad3-4a53-a89d-a7f3d7c44eb4
Software Engineer @ Finch Legal - Jobs,Finch Legal,Ashby,completed,Not Enabled,No,3/17/2026,Word Resume,https://jobs.ashbyhq.com/finch-legal/08fa7211-cf10-4d69-9a47-cdde58f68f2d
"Software Engineer, Robotic Applications - Greenhouse",Atomicmachines,Greenhouse,completed,Not Enabled,No,3/17/2026,Word Resume,https://job-boards.greenhouse.io/atomicmachines/jobs/4170584009
Software Engineer @ Mach Industries - Jobs,Mach,Ashby,completed,Not Enabled,No,3/17/2026,Word Resume,https://jobs.ashbyhq.com/mach/c1fd1396-96a8-4af4-a72e-8dc25f8325d6
Senior Software Engineer - Greenhouse,Peregrinetechnologies,Greenhouse,completed,Not Enabled,No,3/17/2026,Word Resume,https://job-boards.greenhouse.io/peregrinetechnologies/jobs/4580136005?gh_jid=4580136005
Job Application for Senior Software Engineer at Garner Health,Garnerhealth,Greenhouse,completed,Not Enabled,No,3/17/2026,Word Resume,https://job-boards.greenhouse.io/garnerhealth/jobs/5816853004
Senior Software Engineer (Front-End) - Greenhouse,Sustainment,Greenhouse,completed,Not Enabled,No,3/17/2026,Senior DevOps Engineer,https://job-boards.greenhouse.io/sustainment/jobs/4656438006
ME00552-Software Engineer 3,Momentumcareers,Rippling,completed,Not Enabled,No,3/17/2026,Senior DevOps Engineer,https://ats.rippling.com/momentumcareers/jobs/f63b0021-6b65-4197-b023-8f55704dcb40
Job Application for Senior Software Engineer (Full-Stack) at Harmonic,Harmonic,Greenhouse,completed,Not Enabled,No,3/17/2026,Senior DevOps Engineer,https://job-boards.greenhouse.io/harmonic/jobs/4666430005
Job Application for Senior Full Stack Software Engineer at BetterHelp,Betterhelpcom,Greenhouse,completed,Not Enabled,No,3/17/2026,Senior DevOps Engineer,https://job-boards.greenhouse.io/betterhelpcom/jobs/5138853008
Job Application for Senior Software Engineer - Backend - Greenhouse,Attaintalent,Greenhouse,completed,Not Enabled,No,3/17/2026,Senior DevOps Engineer,https://job-boards.greenhouse.io/attaintalent/jobs/5132660008
Senior Software Engineer - ML Platform at Latitude AI - Greenhouse,Latitude,Greenhouse,completed,Not Enabled,No,3/17/2026,Senior DevOps Engineer,https://job-boards.greenhouse.io/latitude/jobs/7636178
"Job Application for Software Engineer, AI at Conga - Greenhouse",Conga,Greenhouse,completed,Not Enabled,No,3/17/2026,Senior DevOps Engineer,https://job-boards.greenhouse.io/conga/jobs/5066177007
Job Application for Full Stack Software Engineer at BetterHelp,Betterhelpcom,Greenhouse,completed,Not Enabled,No,3/17/2026,Senior DevOps Engineer,https://job-boards.greenhouse.io/betterhelpcom/jobs/5138855008
Software Engineer - Photogrammetry @ Harmattan AI - Jobs,Harmattan Ai,Ashby,completed,Not Enabled,No,3/17/2026,Senior DevOps Engineer,https://jobs.ashbyhq.com/harmattan-ai/4266b86a-f36f-4d4c-8106-a0553f966676
"Staff Software Engineer, Automations",Plenful,Rippling,completed,Not Enabled,No,3/17/2026,Senior DevOps Engineer,https://ats.rippling.com/plenful/jobs/f64ceeb3-ab3e-4b44-a8ae-50880d8d5314
Senior Software Engineer,Pearl Inc,Rippling,completed,Not Enabled,No,3/17/2026,Senior DevOps Engineer,https://ats.rippling.com/en-US/pearl-inc/jobs/2495f658-dca5-489f-8e5f-2aa52037f7b7
"Software Engineer - Platform (Frameworks, AI, Automation) Sr ...",Sixthstreet,Greenhouse,completed,Not Enabled,No,3/17/2026,Senior DevOps Engineer,https://job-boards.greenhouse.io/sixthstreet/jobs/7641397003
Senior / Staff Backend Software Engineer (Core Product) @ Backflip,Backflip.ai,Ashby,completed,Not Enabled,No,3/17/2026,Senior DevOps Engineer,https://jobs.ashbyhq.com/backflip.ai/4c09bd73-08ed-48ca-82ac-9e42e925e063
Job Application for X-Lab Software Engineer (26-027) at Trace3,Trace3,Greenhouse,completed,Not Enabled,No,3/17/2026,Senior DevOps Engineer,https://job-boards.greenhouse.io/trace3/jobs/7696657
Job Application for Software Engineer at Remesh - Greenhouse,Remesh,Greenhouse,completed,Not Enabled,No,3/17/2026,Senior DevOps Engineer,http://job-boards.greenhouse.io/remesh/jobs/8450776002
Job Application for Software Engineer (Core Platform) at FirmPilot,Firmpilotailawfirmmarketing,Greenhouse,completed,Not Enabled,No,3/17/2026,Senior DevOps Engineer,https://job-boards.greenhouse.io/firmpilotailawfirmmarketing/jobs/5124075008
Job Application for Software Engineer Backend - I at Merge API ...,Mergeapiintegrationsandbox,Greenhouse,completed,Not Enabled,No,3/17/2026,Senior DevOps Engineer,https://job-boards.greenhouse.io/mergeapiintegrationsandbox/jobs/7636545003
Job Application for Software Developer at Career Team - Greenhouse,Careerteam,Greenhouse,completed,Not Enabled,No,3/17/2026,Senior DevOps Engineer,https://job-boards.greenhouse.io/careerteam/jobs/4667691005
Senior Software Engineer - Payments,Rippling,Rippling,completed,Not Enabled,No,3/17/2026,Senior DevOps Engineer,https://ats.rippling.com/rippling/jobs/65b560e5-05bc-4cf9-a439-3b0d81bf4780
"Software Engineer, Robot Behaviors @ Sunday - Jobs",Sunday,Ashby,completed,Not Enabled,No,3/17/2026,Senior DevOps Engineer,https://jobs.ashbyhq.com/sunday/3fed3a04-8a4a-4704-9e7f-bfee9c151d1c
"Staff Software Engineer, Developer Experience - Greenhouse",Smartertechnologies,Greenhouse,completed,Not Enabled,No,3/17/2026,Senior DevOps Engineer,http://job-boards.greenhouse.io/smartertechnologies/jobs/4670185005
Job Application for Staff Software Engineer at Latitude AI,Latitude,Greenhouse,completed,Not Enabled,No,3/17/2026,Senior DevOps Engineer,https://job-boards.greenhouse.io/latitude/jobs/7721564
Job Application for Principal Software Engineer at Zócalo Health,Zocalohealth,Greenhouse,completed,Not Enabled,No,3/17/2026,Senior DevOps Engineer,https://job-boards.greenhouse.io/zocalohealth/jobs/5155637008
Staff Software Engineer @ Whatnot - Jobs,Whatnot,Ashby,completed,Not Enabled,No,3/17/2026,Senior DevOps Engineer,https://jobs.ashbyhq.com/whatnot/6dfd85f2-2f9a-4eb2-ba3e-11bcf463a665
"Senior Software Engineer, Agent Orchestration @ Decagon - Jobs",Decagon,Ashby,completed,Not Enabled,No,3/17/2026,Senior DevOps Engineer,https://jobs.ashbyhq.com/decagon/762ee436-6acc-4700-9927-0e73d6dc4123
"Senior Software Engineer | GTM Platform, Frontend @ Ramp - Jobs",Ramp,Ashby,completed,Not Enabled,No,3/17/2026,Senior DevOps Engineer,https://jobs.ashbyhq.com/ramp/1540a41f-d88f-4c89-9b08-5b9fade1ee81
Staff Software Engineer - Fullstack at Sigma Computing - Greenhouse,Sigmacomputing,Greenhouse,completed,Not Enabled,No,3/17/2026,Senior DevOps Engineer,https://job-boards.greenhouse.io/sigmacomputing/jobs/7657071003
Job Application for Sr. Software Engineer - UI at Brave - Greenhouse,Brave,Greenhouse,completed,Not Enabled,No,3/17/2026,Senior DevOps Engineer,https://job-boards.greenhouse.io/brave/jobs/7636723
Job Application for Senior Software Engineer at Alvys - Greenhouse,Alvys,Greenhouse,completed,Not Enabled,No,3/17/2026,Senior DevOps Engineer,https://job-boards.greenhouse.io/alvys/jobs/5151248008
Job Application for Staff Software Engineer (Platform) at Chainguard,Chainguard,Greenhouse,completed,Not Enabled,No,3/17/2026,Senior DevOps Engineer,https://job-boards.greenhouse.io/chainguard/jobs/4661970006
Senior Software Engineer (Ruby on Rails) - Greenhouse,Navapbc,Greenhouse,completed,Not Enabled,No,3/17/2026,Senior DevOps Engineer,https://job-boards.greenhouse.io/navapbc/jobs/4184789009
Job Application for Staff Software Engineer - Platform at Panther,Pantherlabs,Greenhouse,completed,Not Enabled,No,3/17/2026,Senior DevOps Engineer,https://job-boards.greenhouse.io/pantherlabs/jobs/7632338003
Senior Full Stack Software Developer,Campspot,Rippling,completed,Not Enabled,No,3/17/2026,Senior DevOps Engineer,https://ats.rippling.com/campspot/jobs/45c89990-0e1c-424f-a467-1ca5346407ca
"Software Engineer, Automation @ Mercor - Jobs",Mercor,Ashby,completed,Not Enabled,No,3/17/2026,Senior DevOps Engineer,https://jobs.ashbyhq.com/mercor/dd4f59a1-d077-4c20-8333-9a7706210e99
Job Application for Software Engineer II at Precision AQ - Greenhouse,Precisionaq,Greenhouse,completed,Not Enabled,No,3/17/2026,Senior DevOps Engineer,https://job-boards.greenhouse.io/precisionaq/jobs/5823871004
"Senior Product Software Engineer, Applied Technologies",Enigmaio,Greenhouse,completed,Not Enabled,No,3/17/2026,Senior DevOps Engineer,http://job-boards.greenhouse.io/enigmaio/jobs/7667382
Senior DevSecOp Software Engineer - Greenhouse,Simpletechnologysolutions,Greenhouse,completed,Not Enabled,No,3/17/2026,Senior DevOps Engineer,https://job-boards.greenhouse.io/simpletechnologysolutions/jobs/5822892004
Job Application for Senior Software Engineer I at Freenome,Freenome,Greenhouse,completed,Not Enabled,No,3/17/2026,Senior DevOps Engineer,https://job-boards.greenhouse.io/freenome/jobs/8442405002
Staff Software Engineer (Fulfillment Automation) - Greenhouse,Chainguard,Greenhouse,completed,Not Enabled,No,3/17/2026,Senior DevOps Engineer,https://job-boards.greenhouse.io/chainguard/jobs/4661458006
"Job Application for Senior Software Engineer, Java at CLEAR",Clear,Greenhouse,completed,Not Enabled,No,3/17/2026,Senior DevOps Engineer,https://job-boards.greenhouse.io/clear/jobs/7704608
Senior Software Developer @ hive.co - Jobs,Hive.co,Ashby,completed,Not Enabled,No,3/17/2026,Senior DevOps Engineer,https://jobs.ashbyhq.com/hive.co/9dd9520c-8636-4ad6-b212-1950ed65b354
"Software Engineer, Full Stack @ Verse Medical - Jobs",Versemedical,Ashby,completed,Not Enabled,No,3/17/2026,Senior DevOps Engineer,https://jobs.ashbyhq.com/versemedical/42612785-ae5f-4bd3-b82c-c7f0fe872938
Job Application for Staff Software Engineer at Omada Health,Omadahealth,Greenhouse,completed,Not Enabled,No,3/17/2026,Senior DevOps Engineer,https://job-boards.greenhouse.io/omadahealth/jobs/7611424
Distinguished Software Architect Customer Experience - Greenhouse,Selffinancial,Greenhouse,completed,Not Enabled,No,3/17/2026,Senior DevOps Engineer,https://job-boards.greenhouse.io/selffinancial/jobs/5813230004
Job Application for Software Engineer at Axle - Greenhouse,Axle,Greenhouse,completed,Not Enabled,No,3/17/2026,Senior DevOps Engineer,https://job-boards.greenhouse.io/axle/jobs/5061880007
"Software Engineer, Developer Experience @ Notion - Jobs",Notion,Ashby,completed,Not Enabled,No,3/17/2026,Senior DevOps Engineer,https://jobs.ashbyhq.com/notion/49bdf081-6e20-4323-8c73-6d6b19544ff5
Sr. Forward Deployed Software Engineer - Greenhouse,Pvminc,Greenhouse,completed,Not Enabled,No,3/17/2026,Senior DevOps Engineer,https://job-boards.greenhouse.io/pvminc/jobs/5080290007
"Job Application for Forward Deployed Software Engineer at PVM, Inc.",Pvminc,Greenhouse,completed,Not Enabled,No,3/17/2026,Senior DevOps Engineer,https://job-boards.greenhouse.io/pvminc/jobs/5080222007
Job Application for Associate Software Engineer I at 2K - Greenhouse,2k,Greenhouse,completed,Not Enabled,No,3/17/2026,Senior DevOps Engineer,https://job-boards.greenhouse.io/2k/jobs/7659495003
Jerry.ai - Software Engineer (entry) - Jobs,Jerry.ai,Ashby,completed,Not Enabled,No,3/17/2026,Senior DevOps Engineer,https://jobs.ashbyhq.com/Jerry.ai/446f33a9-87c5-4248-959f-6ce28fee4f0e
Backend Software Engineer @ DualEntry - Jobs,Dualentry,Ashby,completed,Not Enabled,No,3/17/2026,Senior DevOps Engineer,https://jobs.ashbyhq.com/dualentry/d1d22fef-d704-4141-a08e-94ccfc4be1e5
Job Application for Software Engineer II - Data Platform at Tripadvisor,Tripadvisor,Greenhouse,completed,Not Enabled,No,3/17/2026,Senior DevOps Engineer,https://job-boards.greenhouse.io/tripadvisor/jobs/7609977
"Experimentation Platform - Software Engineer, Backend - Greenhouse",Doordashusa,Greenhouse,completed,Not Enabled,No,3/17/2026,Senior DevOps Engineer,https://job-boards.greenhouse.io/doordashusa/jobs/7697761
Software Engineer Immersive Program (Non-Tech Backgrounds ...,Flatiron School,Rippling,completed,Not Enabled,No,3/17/2026,Senior DevOps Engineer,https://ats.rippling.com/flatiron-school/jobs/9ae2830d-3dcd-4943-a912-939116d305f3
DTN Software engineer | Careers at Aalyria - Rippling,Aalyria Careers,Rippling,completed,Not Enabled,No,3/17/2026,Senior DevOps Engineer,https://ats.rippling.com/aalyria-careers/jobs/f5626704-4060-46e8-ac7b-3bcaa73a0ee8
"Staff Software Engineer, Backend Product @ Unify - Jobs",Unify,Ashby,completed,Not Enabled,No,3/17/2026,Senior DevOps Engineer,https://jobs.ashbyhq.com/unify/61bf5387-2d81-40a8-abf3-c1cadb1833a4
"Senior Software Engineer, Ecommerce Shopping - Greenhouse",Thedutchie,Greenhouse,completed,Not Enabled,No,3/17/2026,Senior DevOps Engineer,https://job-boards.greenhouse.io/thedutchie/jobs/8455276002
Associate Software Engineer @ Jerry.ai - Jobs,Jerry.ai,Ashby,completed,Not Enabled,No,3/17/2026,Senior DevOps Engineer,https://jobs.ashbyhq.com/Jerry.ai/ae391882-ae86-495d-84a2-90f35b0e806d
"Software Engineer II (Full Stack, Backend-leaning) @ Jerry.ai - Jobs",Jerry.ai,Ashby,completed,Not Enabled,No,3/17/2026,Senior DevOps Engineer,https://jobs.ashbyhq.com/Jerry.ai/ae1e04d4-9691-4ed4-b744-3cf5ce76767e
Senior Software Engineer-C# .NET Microservices - Greenhouse,A3c41b8b71eff8c4,Greenhouse,completed,Not Enabled,No,3/17/2026,Senior DevOps Engineer,https://job-boards.greenhouse.io/a3c41b8b71eff8c4/jobs/7667226003
Job Application for Software Engineer with DevOps focus at Everpure,Purestorage,Greenhouse,completed,Not Enabled,No,3/17/2026,Senior DevOps Engineer,https://job-boards.greenhouse.io/purestorage/jobs/7406454
"Senior Software Engineer, .NET - US Remote - Greenhouse",Perfectserve,Greenhouse,completed,Not Enabled,No,3/17/2026,Senior DevOps Engineer,https://job-boards.greenhouse.io/perfectserve/jobs/5826519004
Mid Level Forward Deployed Software Engineer - Greenhouse,Pvminc,Greenhouse,completed,Not Enabled,No,3/17/2026,Senior DevOps Engineer,https://job-boards.greenhouse.io/pvminc/jobs/5080293007
Job Application for Software Engineer II at Radicle Health,Radiclehealth,Greenhouse,completed,Not Enabled,No,3/17/2026,Senior DevOps Engineer,https://job-boards.greenhouse.io/radiclehealth/jobs/5079357007
Job Application for Senior Software Engineer at inKind - Greenhouse,Inkind,Greenhouse,completed,Not Enabled,No,3/17/2026,Senior DevOps Engineer,https://job-boards.greenhouse.io/inkind/jobs/5153563008
Staff Software Engineer - Platform,Rippling,Rippling,completed,Not Enabled,No,3/17/2026,Senior DevOps Engineer,https://ats.rippling.com/rippling/jobs/49322f8c-dd2d-40ed-8e2a-bbdec9c9a740
"Software Engineer, AI Platform @ Harvey - Jobs",Harvey,Ashby,completed,Not Enabled,No,3/17/2026,Senior DevOps Engineer,https://jobs.ashbyhq.com/harvey/789157de-2b76-49ad-8f09-57225f87322e
DevOps Engineer,Epic Software,Rippling,completed,Not Enabled,No,3/17/2026,Senior DevOps Engineer,https://ats.rippling.com/epic-software/jobs/5e34cb9d-1809-4675-a494-c3b254966d6b
Senior DevOps Engineer (SRE) @ MightyBot - Jobs,Mightybot,Ashby,completed,Not Enabled,No,3/17/2026,Senior DevOps Engineer,https://jobs.ashbyhq.com/MightyBot/d2621117-83bb-4b5c-a2be-96cf3ec335e5
DevOps Engineer,Armada Careers,Rippling,completed,Not Enabled,No,3/17/2026,Senior DevOps Engineer,https://ats.rippling.com/armada-careers/jobs/85c16bf6-1e2f-4fc6-bd54-754faf0fa838
Senior DevOps Engineer (Azure) @ Heidi - Jobs,Heidihealth.com.au,Ashby,completed,Not Enabled,No,3/17/2026,Senior DevOps Engineer,https://jobs.ashbyhq.com/heidihealth.com.au/9e85a54a-eed4-428c-857a-809f3b2789cf
Senior DevOps Engineer - Greenhouse,Onarchipelago,Greenhouse,completed,Not Enabled,No,3/17/2026,Senior DevOps Engineer,https://job-boards.greenhouse.io/onarchipelago/jobs/4437193006
"Sr. DevOps Engineer, Elastic Suite - Rippling",Emeraldx,Rippling,completed,Not Enabled,No,3/17/2026,Senior DevOps Engineer,https://ats.rippling.com/en-US/emeraldx/jobs/d16677e5-93f4-4762-a7a5-cc9027cc5a3c
Job Application for Sr. Devops Engineer II at DoubleVerify,Doubleverify,Greenhouse,completed,Not Enabled,No,3/17/2026,Senior DevOps Engineer,https://job-boards.greenhouse.io/doubleverify/jobs/8418967002
Job Application for Sr. DevOps Engineer at Rapido Solutions Group,Rapidosolutionsgroup,Greenhouse,completed,Not Enabled,No,3/17/2026,Senior DevOps Engineer,https://job-boards.greenhouse.io/rapidosolutionsgroup/jobs/4647259006
DevOps Engineer,Lumistry,Rippling,completed,Not Enabled,No,3/17/2026,Senior DevOps Engineer,https://ats.rippling.com/lumistry/jobs/a3c73a77-94e0-4825-8dd7-78161d4eaecd
"Job Application for DevOps Engineer, Palo Alto at Rhombus",Rhombuspower,Greenhouse,completed,Not Enabled,No,3/17/2026,Senior DevOps Engineer,https://job-boards.greenhouse.io/rhombuspower/jobs/7599849003
Job Application for Senior DevOps Engineer at Bottomline,Bottomlinetechnologies,Greenhouse,completed,Not Enabled,No,3/17/2026,Senior DevOps Engineer,https://job-boards.greenhouse.io/bottomlinetechnologies/jobs/8413143002
Senior DevOps Engineer - Pay-i @ Pear VC - Jobs,Pear Vc,Ashby,completed,Not Enabled,No,3/17/2026,Senior DevOps Engineer,https://jobs.ashbyhq.com/pear-vc/1affe023-3da8-4ad4-bddc-584e15cf74a8
Senior DevOps Engineer - Greenhouse,Rhinofederatedcomputing,Greenhouse,completed,Not Enabled,No,3/17/2026,Senior DevOps Engineer,https://job-boards.greenhouse.io/rhinofederatedcomputing/jobs/4009631009
Senior DevOps Engineer (AI-Native)(Full Time Contractor),Nerdy,Greenhouse,completed,Not Enabled,No,3/17/2026,Senior DevOps Engineer,https://job-boards.greenhouse.io/nerdy/jobs/7555139
Senior DevOps Engineer I - Greenhouse,Rocketlab,Greenhouse,completed,Not Enabled,No,3/17/2026,Senior DevOps Engineer,https://job-boards.greenhouse.io/rocketlab/jobs/7554054003
Staff DevOps Engineer/SRE | FlexAI,Flexai,Rippling,completed,Not Enabled,No,3/17/2026,Senior DevOps Engineer,https://ats.rippling.com/en-US/flexai/jobs/95004fc7-70dd-4b5c-a44c-db17f72e98b2
Senior DevOps Engineer @ Abacum Inc - Jobs,Abacum,Ashby,completed,Not Enabled,No,3/17/2026,Senior DevOps Engineer,https://jobs.ashbyhq.com/abacum/7bc4eb1b-330e-4eb8-a9a8-14a4900659c4
DevOPS Engineer,Koreai India Careers,Rippling,completed,Not Enabled,No,3/17/2026,Senior DevOps Engineer,https://ats.rippling.com/koreai-india-careers/jobs/713f6112-70cb-4add-a108-de0d7cda50c5
DevOps Engineer (Mission-Critical Systems),Tactibit,Rippling,completed,Not Enabled,No,3/17/2026,Senior DevOps Engineer,https://ats.rippling.com/tactibit/jobs/34e37cbe-b01e-45c9-9cd7-6a1e59906040
Job Application for Senior DevOps Engineer at Bottomline,Bottomlinetechnologies,Greenhouse,completed,Not Enabled,No,3/17/2026,Senior DevOps Engineer,https://job-boards.greenhouse.io/bottomlinetechnologies/jobs/8366574002
DevOps Engineer,Ascentt,Rippling,completed,Not Enabled,No,3/17/2026,Senior DevOps Engineer,https://ats.rippling.com/ascentt/jobs/84592cb7-bdce-4ef4-92d8-d8ebbae47c33
Job Application for Senior DevOps Engineer at RAPP - Greenhouse,Rapp,Greenhouse,completed,Not Enabled,No,3/17/2026,Senior DevOps Engineer,https://job-boards.greenhouse.io/rapp/jobs/7277750
Senior DevOps Engineer (Little Thinking Minds) - Greenhouse,Littlethinkingminds,Greenhouse,completed,Not Enabled,No,3/17/2026,Senior DevOps Engineer,https://job-boards.greenhouse.io/littlethinkingminds/jobs/4622599006
Senior DevOps Engineer @ Singular - Jobs,Singular,Ashby,completed,Not Enabled,No,3/17/2026,Senior DevOps Engineer,https://jobs.ashbyhq.com/singular/dcae2db5-2e16-4829-bd3d-29a98b4afa75?embed=js
Job Application for Senior DevOps Engineer at Resilience,Resilience,Greenhouse,completed,Not Enabled,No,3/17/2026,Senior DevOps Engineer,http://job-boards.greenhouse.io/resilience/jobs/4107931009
Devops Engineer - Greenhouse,Mergeapiintegrationsandbox,Greenhouse,completed,Not Enabled,No,3/17/2026,Senior DevOps Engineer,https://job-boards.greenhouse.io/mergeapiintegrationsandbox/jobs/7562158003
Senior DevOps Engineer - EMEA @ Coalesce - Jobs,Coalesce,Ashby,completed,Not Enabled,No,3/17/2026,Senior DevOps Engineer,https://jobs.ashbyhq.com/Coalesce/2b6cf57c-340e-46ad-807e-9c51d82a5641
Job Application for Senior DevOps Engineer at Ada Health GmbH,Adahealth,Greenhouse,completed,Not Enabled,No,3/17/2026,Senior DevOps Engineer,https://job-boards.greenhouse.io/adahealth/jobs/8394102002
"DevOps Technical Lead (Perm, UK, Remote) - Greenhouse",Nearform,Greenhouse,completed,Not Enabled,No,3/17/2026,Senior DevOps Engineer,https://job-boards.greenhouse.io/nearform/jobs/7666152003
Job Application for Site Reliability Engineer at Ooma - Greenhouse,Ooma,Greenhouse,completed,Not Enabled,No,3/17/2026,Senior DevOps Engineer,https://job-boards.greenhouse.io/ooma/jobs/5068078007
Job Application for (1383) Senior SRE/DevOps Engineer at Nortal,Nearsure,Greenhouse,completed,Not Enabled,No,3/17/2026,Senior DevOps Engineer,https://job-boards.greenhouse.io/nearsure/jobs/5078932007
DevOps Engineer @ Twenty - Jobs,Twenty,Ashby,completed,Not Enabled,No,3/17/2026,Senior DevOps Engineer,https://jobs.ashbyhq.com/twenty/0fae4dad-1d45-4262-9b55-254140cf1237
Job Application for Senior DevOps Engineer at Sphinx Defense,Sphinxdefense,Greenhouse,completed,Not Enabled,No,3/17/2026,Senior DevOps Engineer,https://job-boards.greenhouse.io/sphinxdefense/jobs/4647713008
Senior DevOps Engineer @ Elliptic - Jobs,Elliptic,Ashby,completed,Not Enabled,No,3/17/2026,Senior DevOps Engineer,https://jobs.ashbyhq.com/elliptic/9cd916e6-2898-4f88-a8a5-d84eee0e25be
Senior DevOps Engineer @ OpenGov,Opengov,Ashby,completed,Not Enabled,No,3/17/2026,Senior DevOps Engineer,https://jobs.ashbyhq.com/opengov/b7a69c02-7026-4236-a525-0b19fad64a44
Job Application for Senior DevOps Engineer at Awetomaton,Awetomaton,Greenhouse,completed,Not Enabled,No,3/17/2026,Senior DevOps Engineer,https://job-boards.greenhouse.io/awetomaton/jobs/4861969008
Senior DevOps Engineer @ EverOps - Jobs,Everops,Ashby,completed,Not Enabled,No,3/17/2026,Senior DevOps Engineer,https://jobs.ashbyhq.com/everops/2c8783b4-200e-446a-9420-c9dd88749071
Job Application for Senior DevOps Engineer at Relativity Space,Relativity,Greenhouse,completed,Not Enabled,No,3/17/2026,Senior DevOps Engineer,https://job-boards.greenhouse.io/relativity/jobs/8422715002
Senior DevOps Engineer,Advisor360 Llc,Rippling,completed,Not Enabled,No,3/17/2026,Senior DevOps Engineer,https://ats.rippling.com/advisor360-llc/jobs/68fdf85c-94e4-4a21-be74-f66b4e32e745
DevOps Engineer,Genlogs Corporation,Rippling,completed,Not Enabled,No,3/17/2026,Senior DevOps Engineer,https://ats.rippling.com/genlogs-corporation/jobs/3939c406-3516-4ffc-b34c-25f7d5878cb7
Job Application for DevOps Engineer at Astranis - Greenhouse,Astranis,Greenhouse,completed,Not Enabled,No,3/17/2026,Senior DevOps Engineer,https://job-boards.greenhouse.io/astranis/jobs/4595910006
Job Application for Senior DevOps Engineer at Anduril Industries,Andurilindustries,Greenhouse,completed,Not Enabled,No,3/17/2026,Senior DevOps Engineer,https://job-boards.greenhouse.io/andurilindustries/jobs/4988783007?gh_jid=4988783007
Job Application for Principal DevOps Engineer at Amwell,Amwell,Greenhouse,completed,Not Enabled,No,3/17/2026,Senior DevOps Engineer,https://job-boards.greenhouse.io/amwell/jobs/4080086009
Security Infrastructure Engineer @ PointOne - Jobs,Pointone,Ashby,completed,Not Enabled,No,3/17/2026,Senior DevOps Engineer,https://jobs.ashbyhq.com/PointOne/e57df388-58d1-41b5-b388-6b4ad41a6c57
Senior Infrastructure Engineer @ AllSpice - Jobs,Allspice,Ashby,completed,Not Enabled,No,3/17/2026,Senior DevOps Engineer,https://jobs.ashbyhq.com/allspice/f386a01e-63aa-42c2-8337-485c97a90c29?embed=js
Job Application for Senior Network Engineer at New Era Technology,Neweratech,Greenhouse,completed,Not Enabled,No,3/17/2026,Senior DevOps Engineer,https://job-boards.greenhouse.io/neweratech/jobs/8457610002
BHG Financial - Senior Telecom Systems Engineer - Lever,Bhg Inc,Lever,completed,Not Enabled,No,3/17/2026,Senior DevOps Engineer,https://jobs.lever.co/bhg-inc/c3b8b770-74ea-4e32-8b7f-83da710ae27f/apply?lever-source=themuse
Embedded Systems Engineer Apprentice - Greenhouse,Liminalbuild,Greenhouse,completed,Not Enabled,No,3/17/2026,Senior DevOps Engineer,https://job-boards.greenhouse.io/liminalbuild/jobs/5078257007
IT Infrastructure Engineer @ Robin Radar - Jobs,Robin Radar,Ashby,completed,Not Enabled,No,3/17/2026,Senior DevOps Engineer,https://jobs.ashbyhq.com/robin-radar/335e5234-6818-45b9-b069-3d57d3f1eb06/application
Senior Client Platform Systems Engineer - Greenhouse,Mrbeastyoutube,Greenhouse,completed,Not Enabled,No,3/17/2026,Senior DevOps Engineer,https://job-boards.greenhouse.io/mrbeastyoutube/jobs/5809672004
Sr. Infrastructure Engineer- OpenStack IRONIC - Greenhouse,Sustainabletalent,Greenhouse,completed,Not Enabled,No,3/17/2026,Senior DevOps Engineer,https://job-boards.greenhouse.io/sustainabletalent/jobs/4673201005
Power Systems Engineer,Camlin Careers,Rippling,completed,Not Enabled,No,3/17/2026,Senior DevOps Engineer,https://ats.rippling.com/camlin-careers/jobs/564a1c58-b088-460f-8f5d-f8e000650a4b
Infrastructure Engineer - Observability (APAC) @ Supabase - Jobs,Supabase,Ashby,completed,Not Enabled,No,3/17/2026,Senior DevOps Engineer,https://jobs.ashbyhq.com/supabase/894139b0-cc52-4fe4-b84f-ab6660b517d0
Sr. Electrical Systems Engineer @ Reliable Robotics Corporation,Reliable Robotics,Ashby,completed,Not Enabled,No,3/17/2026,Senior DevOps Engineer,https://jobs.ashbyhq.com/reliable-robotics/0d2ff887-c2d5-461b-ab48-6242484565a3
Electrical Systems Engineer @ Reliable Robotics Corporation - Jobs,Reliable Robotics,Ashby,completed,Not Enabled,No,3/17/2026,Senior DevOps Engineer,https://jobs.ashbyhq.com/reliable-robotics/23353578-7118-4f0d-9299-10b49cb981ba?utm_source=Otta
Job Application for Systems Engineer at Anduril Industries,Andurilindustries,Greenhouse,completed,Not Enabled,No,3/17/2026,Senior DevOps Engineer,https://job-boards.greenhouse.io/andurilindustries/jobs/5068237007?gh_jid=5068237007&gh_src=d29cd2417us
Job Application for Wireless Field Engineer at Boingo - Greenhouse,Boingo,Greenhouse,completed,Not Enabled,No,3/17/2026,Senior DevOps Engineer,https://job-boards.greenhouse.io/boingo/jobs/7555983
Senior Systems Engineer (Service Provisioning) - Greenhouse,Nubank,Greenhouse,completed,Not Enabled,No,3/17/2026,Senior DevOps Engineer,https://job-boards.greenhouse.io/nubank/jobs/7658493
Infrastructure Engineer @ Wraithwatch Corporation - Jobs,Wraithwatch,Ashby,completed,Not Enabled,No,3/17/2026,Senior DevOps Engineer,https://jobs.ashbyhq.com/wraithwatch/01cecb37-a7fc-4f32-838d-8d36542f783b
Job Application for IT Infrastructure Engineer at Meriton - Greenhouse,Meriton,Greenhouse,completed,Not Enabled,No,3/17/2026,Senior DevOps Engineer,https://job-boards.greenhouse.io/meriton/jobs/5145636008
Systems Engineer (All Levels) - Greenhouse,Exoanalyticsolutions,Greenhouse,completed,Not Enabled,No,3/17/2026,Senior DevOps Engineer,https://job-boards.greenhouse.io/exoanalyticsolutions/jobs/4112214009
Infrastructure Engineer @ Molg - Jobs,Molg,Ashby,completed,Not Enabled,No,3/17/2026,Senior DevOps Engineer,https://jobs.ashbyhq.com/Molg/e94a883e-682f-4a79-9bc1-147f2bb6c5dd
Job Application for Senior Systems Engineer at ExoAnalytic Solutions,Exoanalyticsolutions,Greenhouse,completed,Not Enabled,No,3/17/2026,Senior DevOps Engineer,https://job-boards.greenhouse.io/exoanalyticsolutions/jobs/4111009009
Senior Embedded Systems Engineer (Connectivity) - Greenhouse,Inspiren,Greenhouse,completed,Not Enabled,No,3/17/2026,Senior DevOps Engineer,https://job-boards.greenhouse.io/inspiren/jobs/5073274007
Job Application for Network Engineer at Cloudflare - Greenhouse,Cloudflare,Greenhouse,completed,Not Enabled,No,3/17/2026,Senior DevOps Engineer,https://job-boards.greenhouse.io/cloudflare/jobs/7628395?gh_src=c12227331
Retirement Developer Infrastructure Engineer - Greenhouse,Gusto,Greenhouse,completed,Not Enabled,No,3/17/2026,Senior DevOps Engineer,https://job-boards.greenhouse.io/gusto/jobs/7615358
Job Application for Systems Engineer at Skyloom - Greenhouse,Skyloom,Greenhouse,completed,Not Enabled,No,3/17/2026,Senior DevOps Engineer,https://job-boards.greenhouse.io/skyloom/jobs/5814975004
Senior Infrastructure Engineer @ Rational Dynamics - Jobs,Rational Dynamics,Ashby,completed,Not Enabled,No,3/17/2026,Senior DevOps Engineer,https://jobs.ashbyhq.com/rational-dynamics/b2571b56-68f9-4924-9bcc-5f02af8a42b8
Job Application for Senior Network Solutions Engineer at New Era ...,Neweratech,Greenhouse,completed,Not Enabled,No,3/17/2026,Senior DevOps Engineer,https://job-boards.greenhouse.io/neweratech/jobs/8463051002
HLA - Implementation & Support Systems Engineer - Greenhouse,Caredxinc,Greenhouse,completed,Not Enabled,No,3/17/2026,Senior DevOps Engineer,https://job-boards.greenhouse.io/caredxinc/jobs/4178845009
Copy of Senior Cloud Infrastructure Engineer (OpenStack ...,Neweratech,Greenhouse,completed,Not Enabled,No,3/17/2026,Senior DevOps Engineer,https://job-boards.greenhouse.io/neweratech/jobs/8464670002
Job Application for Instrument Systems Engineer at Muon Space,Muonspace,Greenhouse,completed,Not Enabled,No,3/17/2026,Senior DevOps Engineer,http://job-boards.greenhouse.io/muonspace/jobs/5069921007
Senior Distributed Systems Engineer / Architect - Greenhouse,Rapidfortinc,Greenhouse,completed,Not Enabled,No,3/17/2026,Senior DevOps Engineer,https://job-boards.greenhouse.io/rapidfortinc/jobs/4184534009
L2/L3 Network Engineer (Remote) - Greenhouse,Boldbusiness,Greenhouse,completed,Not Enabled,No,3/17/2026,Senior DevOps Engineer,https://job-boards.greenhouse.io/boldbusiness/jobs/4184089009
Job Application for IT Senior Systems Engineer at Flexport,Flexport,Greenhouse,completed,Not Enabled,No,3/17/2026,Senior DevOps Engineer,https://job-boards.greenhouse.io/flexport/jobs/7629299?gh_jid=7629299
Senior Infrastructure Engineer @ Fieldguide - Jobs,Fieldguide,Ashby,completed,Not Enabled,No,3/17/2026,Senior DevOps Engineer,https://jobs.ashbyhq.com/fieldguide/3b0220e9-68b8-4192-8593-be4347514193
Senior IT Systems Engineer @ Abridge - Jobs,Abridge,Ashby,completed,Not Enabled,No,3/17/2026,Senior DevOps Engineer,https://jobs.ashbyhq.com/abridge/95b0276c-f1c1-4cd4-a242-ebe0b1d34f47
Job Application for Systems Engineer Mid Level at ELEVI Associates,Eleviassociates,Greenhouse,completed,Not Enabled,No,3/17/2026,Senior DevOps Engineer,https://job-boards.greenhouse.io/eleviassociates/jobs/7663131003
"Job Application for Principal Systems Engineer, Data at Cloudflare",Cloudflare,Greenhouse,completed,Not Enabled,No,3/17/2026,Senior DevOps Engineer,https://job-boards.greenhouse.io/cloudflare/jobs/7488760?gh_jid=7488760
Lead Infrastructure Engineer @ Arch - Jobs,Arch.co,Ashby,completed,Not Enabled,No,3/17/2026,Senior DevOps Engineer,https://jobs.ashbyhq.com/arch.co/03f424db-c17b-4442-b644-84e3b4207ef9
Sr. Staff Systems Engineer @ ALSO - Jobs,Ridealso,Ashby,completed,Not Enabled,No,3/17/2026,Senior DevOps Engineer,https://jobs.ashbyhq.com/Ridealso/98d63523-35a6-47fa-a007-22207c8cab0b
Systems Engineer: Real-Time Engine - Greenhouse,Nuancelabs,Greenhouse,completed,Not Enabled,No,3/17/2026,Senior DevOps Engineer,https://job-boards.greenhouse.io/nuancelabs/jobs/4147600009
Staff Data Infrastructure Engineer - Greenhouse,Peregrinetechnologies,Greenhouse,completed,Not Enabled,No,3/17/2026,Senior DevOps Engineer,https://job-boards.greenhouse.io/peregrinetechnologies/jobs/4672684005
Job Application for Cloud Infrastructure Engineer at Clover Health,Cloverhealth,Greenhouse,completed,Not Enabled,No,3/17/2026,Senior DevOps Engineer,https://job-boards.greenhouse.io/cloverhealth/jobs/7401436?gh_jid=7401436
"Senior Network Engineer, Intelligence Systems - Greenhouse",Andurilindustries,Greenhouse,completed,Not Enabled,No,3/17/2026,Senior DevOps Engineer,https://job-boards.greenhouse.io/andurilindustries/jobs/4970006007?gh_jid=4970006007
Job Application for Senior Infrastructure Engineer II at dbt Labs,Dbtlabsinc,Greenhouse,completed,Not Enabled,No,3/17/2026,Senior DevOps Engineer,https://job-boards.greenhouse.io/dbtlabsinc/jobs/4631974005
Job Application for Senior Infrastructure Engineer at Enigma,Enigmaio,Greenhouse,completed,Not Enabled,No,3/17/2026,Senior DevOps Engineer,https://job-boards.greenhouse.io/enigmaio/jobs/7647993
"Network Engineer, WAN @ Fluidstack - Jobs",Fluidstack,Ashby,completed,Not Enabled,No,3/17/2026,Senior DevOps Engineer,https://jobs.ashbyhq.com/fluidstack/fe417eba-68cc-46a5-8914-e8101a4ed75a?embed=true
Job Application for Senior/Staff Infrastructure Engineer at fal,Fal,Greenhouse,completed,Not Enabled,No,3/17/2026,Senior DevOps Engineer,http://job-boards.greenhouse.io/fal/jobs/4183620009
Infrastructure Engineer- AWS Cloud Platform - Greenhouse,Convera,Greenhouse,completed,Not Enabled,No,3/17/2026,Senior DevOps Engineer,https://job-boards.greenhouse.io/convera/jobs/4795122101
Job Application for Senior Network Engineer at Freenome,Freenome,Greenhouse,completed,Not Enabled,No,3/17/2026,Senior DevOps Engineer,https://job-boards.greenhouse.io/freenome/jobs/8417410002
Job Application for Network Engineer - AI/HPC at xAI - Greenhouse,Xai,Greenhouse,completed,Not Enabled,No,3/17/2026,Senior DevOps Engineer,https://job-boards.greenhouse.io/xai/jobs/5074185007
Job Application for Infrastructure Engineer at LaunchDarkly,Launchdarkly,Greenhouse,completed,Not Enabled,No,3/17/2026,Senior DevOps Engineer,https://job-boards.greenhouse.io/launchdarkly/jobs/7655955003
Infrastructure Engineer @ Fieldguide - Jobs,Fieldguide,Ashby,completed,Not Enabled,No,3/17/2026,Senior DevOps Engineer,https://jobs.ashbyhq.com/fieldguide/92cef08a-e3a4-4542-9973-e9005d70577d
Job Application for Network Infrastructure Engineer at Apptronik,Apptronik,Greenhouse,completed,Not Enabled,No,3/17/2026,Senior DevOps Engineer,https://job-boards.greenhouse.io/apptronik/jobs/5823160004?gh_jid=5823160004
DevOps Engineer | Pythian,Pythian,Rippling,completed,Not Enabled,No,3/16/2026,Senior DevOps Engineer,https://ats.rippling.com/pythian/jobs/00fc3eac-bf6d-4ce3-9da6-112877ac2d2b
"Azure DevOps Engineer (Full-Time, Hybrid – Montreal, Dorval Area)",Scs Job Board,Rippling,completed,Not Enabled,No,3/16/2026,Senior DevOps Engineer,https://ats.rippling.com/scs-job-board/jobs/84215478-7a51-49c5-abc7-64ad78e97392
Job Application for Sr. DevOps Engineer (Greenberg) at Democorp,Example,Greenhouse,completed,Not Enabled,No,3/16/2026,Senior DevOps Engineer,https://job-boards.greenhouse.io/example/jobs/65712
DevOps Engineer - Rippling,Blitzy Jobs,Rippling,completed,Not Enabled,No,3/16/2026,Senior DevOps Engineer,https://ats.rippling.com/en-GB/blitzy-jobs/jobs/043d11dd-f809-4e3f-a5ea-68ce1c48c7f6
DevOps Engineer (India),Epic Software,Rippling,completed,Not Enabled,No,3/16/2026,Senior DevOps Engineer,https://ats.rippling.com/epic-software/jobs/800a92ec-4bb8-478e-8fec-4840e0d5ab71
DevOps Engineer,Wwwcarbon3aicareers,Rippling,completed,Not Enabled,No,3/16/2026,Senior DevOps Engineer,https://ats.rippling.com/wwwcarbon3aicareers/jobs/90c7f3e3-0311-409d-b32b-9b59af835f09
Senior DevOps Engineer (f/m/x) @ lemon.markets,Lemon Markets,Ashby,completed,Not Enabled,No,3/16/2026,Senior DevOps Engineer,https://jobs.ashbyhq.com/lemon-markets/ab1d2970-c740-4db4-8718-9d30f22ddb54
Job Application for Senior DevOps Engineer at Halcyon - Greenhouse,Halcyon,Greenhouse,completed,Not Enabled,No,3/16/2026,Senior DevOps Engineer,https://job-boards.greenhouse.io/halcyon/jobs/5815251004
Junior DevOps Engineer (Night Shift),Uniuni,Rippling,completed,Not Enabled,No,3/16/2026,Senior DevOps Engineer,https://ats.rippling.com/uniuni/jobs/9060055a-651b-42f5-892b-97ec12ab2609
Senior DevOps Engineer @ SGNL.ai,Sgnlai,Ashby,completed,Not Enabled,No,3/16/2026,Senior DevOps Engineer,https://jobs.ashbyhq.com/sgnlai/18368176-2755-476c-aa5b-880e9c1a6269
Cloud Infrastructure/DevOps Engineer (Oracle Cloud) @ Tessera Labs,Tessera Labs,Ashby,completed,Not Enabled,No,3/16/2026,Senior DevOps Engineer,https://jobs.ashbyhq.com/tessera-labs/3f8e8ada-2727-409a-991d-a31245b314c7
Senior DevOps Engineer (AWS),Get Covered Insurance,Rippling,completed,Not Enabled,No,3/16/2026,Senior DevOps Engineer,https://ats.rippling.com/en-US/get-covered-insurance/jobs/c7d054a6-4503-49d3-8cd2-1e886f624554
Devops Engineer @ Cosine - Jobs,Cosine,Ashby,completed,Not Enabled,No,3/16/2026,Senior DevOps Engineer,https://jobs.ashbyhq.com/cosine/8402853c-2b96-4f53-9fee-2f135a9c60b7
Job Application for Staff Infrastructure/DevOps Engineer at Gatik AI,Gatikaiinc,Greenhouse,completed,Not Enabled,No,3/16/2026,Senior DevOps Engineer,http://job-boards.greenhouse.io/gatikaiinc/jobs/4591683006
Senior DevOps Engineer (IL5 / FedRAMP High) - Greenhouse,Keepersecurity,Greenhouse,completed,Not Enabled,No,3/16/2026,Senior DevOps Engineer,https://job-boards.greenhouse.io/keepersecurity/jobs/4091091009
Senior DevOps Engineer @ CodeRabbit - Jobs,Coderabbit,Ashby,completed,Not Enabled,No,3/16/2026,Senior DevOps Engineer,https://jobs.ashbyhq.com/coderabbit/ba4df389-e415-443e-9ea7-9389d30c2bd2
Job Application for AWS Cloud Engineer Senior at ON.energy,Onenergy,Greenhouse,completed,Not Enabled,No,3/16/2026,Senior DevOps Engineer,https://job-boards.greenhouse.io/onenergy/jobs/4112604009
Job Application for Cloud Engineer at PDT Partners - Greenhouse,Pdtpartners,Greenhouse,completed,Not Enabled,No,3/16/2026,Senior DevOps Engineer,http://job-boards.greenhouse.io/pdtpartners/jobs/7116260
Job Application for Senior Cloud Engineer at Amtech Software,Amtechsoftware,Greenhouse,completed,Not Enabled,No,3/16/2026,Senior DevOps Engineer,https://job-boards.greenhouse.io/amtechsoftware/jobs/4107860009
Azure DevOps Engineer,Reailizecareers,Rippling,completed,Not Enabled,No,3/16/2026,Senior DevOps Engineer,https://ats.rippling.com/reailizecareers/jobs/977324e4-4f9d-4a74-879c-2168dd92f4d0
DevOps Engineer @ Fundamental - Jobs,Fundamental,Ashby,completed,Not Enabled,No,3/16/2026,Senior DevOps Engineer,https://jobs.ashbyhq.com/fundamental/3f7ce69f-14c2-403d-9cfe-9b463c923dd5?departmentId=a48419ee-f54c-460f-9b23-2ff14dc86816
Sr. SRE/DevOps Engineer,Scentbird,Rippling,completed,Not Enabled,No,3/16/2026,Senior DevOps Engineer,https://ats.rippling.com/scentbird/jobs/1763ac6d-44fd-4d4b-b042-5336d39a57ae
GCP Cloud Engineer,Ascentt,Rippling,completed,Not Enabled,No,3/16/2026,Senior DevOps Engineer,https://ats.rippling.com/ascentt/jobs/7c024bdb-0b5c-42af-9648-7cfd4102d069
"Job Application for Senior DevOps Engineer, Core Infrastructure ...",Crunchyroll,Greenhouse,completed,Not Enabled,No,3/16/2026,Senior DevOps Engineer,https://job-boards.greenhouse.io/crunchyroll/jobs/7293016?gh_jid=7293016
ME00514-DevOps Engineer,Momentumcareers,Rippling,completed,Not Enabled,No,3/16/2026,Senior DevOps Engineer,https://ats.rippling.com/momentumcareers/jobs/103f2e7e-a9a5-4b69-8e1b-4c4351fd0eaa
DevOps Engineer,Heads Up Technologies,Rippling,completed,Not Enabled,No,3/16/2026,Senior DevOps Engineer,https://ats.rippling.com/heads-up-technologies/jobs/4f4e995a-575b-4625-9557-9a4ebc7e2815
Senior DevOps Engineer @ PayZen - Jobs,Payzen Inc,Ashby,completed,Not Enabled,No,3/16/2026,Senior DevOps Engineer,https://jobs.ashbyhq.com/payzen-inc/8624b1f9-f0c5-46b9-9f8d-40e609e81bb7
Cloud Engineer - Linux Admin,Conceptplus,Rippling,completed,Not Enabled,No,3/16/2026,Senior DevOps Engineer,https://ats.rippling.com/conceptplus/jobs/1f88a1d6-0e2f-451f-8137-516e9b5f65b5
Cloud Engineer Windows Administrator,Conceptplus,Rippling,completed,Not Enabled,No,3/16/2026,Senior DevOps Engineer,https://ats.rippling.com/conceptplus/jobs/07fc6e93-5d48-4fe3-bc56-1fafa859b10b
DevOps Engineer (AU) | DroneShield,Droneshield,Rippling,completed,Not Enabled,No,3/16/2026,Senior DevOps Engineer,https://ats.rippling.com/en-US/droneshield/jobs/9f62c530-eea4-4687-9131-b0bbb2c9bc0d
Job Application for Senior DevOps Engineer at Via - Greenhouse,Via,Greenhouse,completed,Not Enabled,No,3/16/2026,Senior DevOps Engineer,https://job-boards.greenhouse.io/via/jobs/8356511002
DevOps Engineer @ Mach Industries,Mach,Ashby,completed,Not Enabled,No,3/16/2026,Senior DevOps Engineer,https://jobs.ashbyhq.com/mach/1afa602d-3a10-4aba-b82f-5797abac7e3a
Devops Engineer @ Uncountable Inc. - Jobs,Uncountable,Ashby,completed,Not Enabled,No,3/16/2026,Senior DevOps Engineer,https://jobs.ashbyhq.com/uncountable/f5a4acf0-95aa-4094-a97d-cbd88a24c826
"Solutions Engineer, PerfectScale by DoiT - Greenhouse",Doitintl,Greenhouse,completed,Not Enabled,No,3/16/2026,Senior DevOps Engineer,https://job-boards.greenhouse.io/doitintl/jobs/7665410003
Senior DevOps Engineer @ EliseAI - Jobs,Eliseai,Ashby,completed,Not Enabled,No,3/16/2026,Senior DevOps Engineer,https://jobs.ashbyhq.com/EliseAI/fe19cade-c6ec-4552-8b49-3f45107f2466?_gl=1*nhjarv*_gcl_au*MTgzODU3NTg1NC4xNzY1OTA4OTQ0*_ga*ODk5NjYwNzU5LjE3NjU5MDg5NDI.*_ga_3P8LQP2Y5M*czE3NjU5MjIxNTIkbzIkZzAkdDE3NjU5MjIxNTMkajU5JGwwJGg3NDU5Nzg3NTk
Sr. DevOps Engineer,Supplierio,Rippling,completed,Not Enabled,No,3/16/2026,Senior DevOps Engineer,https://ats.rippling.com/supplierio/jobs/c5c4f412-265f-494e-a3c3-738c51def22e
Senior Infrastructure/ DevOps Engineer @ Lazer - Jobs,Lazer,Ashby,completed,Not Enabled,No,3/16/2026,Senior DevOps Engineer,https://jobs.ashbyhq.com/lazer/5871ddb9-76b2-4fbe-8df8-cd60a8143914
Job Application for Senior Cloud Engineer at ClickHouse,Clickhouse,Greenhouse,completed,Not Enabled,No,3/16/2026,Senior DevOps Engineer,https://job-boards.greenhouse.io/clickhouse/jobs/5733571004
Senior DevOps Engineer (Infrastructure & MLOps) @ Prompt - Jobs,Prompt,Ashby,completed,Not Enabled,No,3/16/2026,Senior DevOps Engineer,https://jobs.ashbyhq.com/prompt/25a5a65c-ae77-477c-8180-69835dc5124a
Job Application for Senior DevOps Engineer at Striveworks,Striveworks,Greenhouse,completed,Not Enabled,No,3/16/2026,Senior DevOps Engineer,http://job-boards.greenhouse.io/striveworks/jobs/6589739003
Senior DevOps Engineer @ Irregular - Jobs,Irregular,Ashby,completed,Not Enabled,No,3/16/2026,Senior DevOps Engineer,https://jobs.ashbyhq.com/Irregular/87328861-4fc4-4846-a472-a56ba3511d6f?embed=js
DevOps Engineer @ Sardine - Jobs,Sardine,Ashby,completed,Not Enabled,No,3/16/2026,Senior DevOps Engineer,https://jobs.ashbyhq.com/sardine/42ae8d19-4362-49df-b132-df5b32052576
Job Application for Lead Cloud Engineer at Mill - Greenhouse,Mill,Greenhouse,completed,Not Enabled,No,3/16/2026,Senior DevOps Engineer,https://job-boards.greenhouse.io/mill/jobs/4645656005
Job Application for Senior DevOps Engineer at Astranis - Greenhouse,Astranis,Greenhouse,completed,Not Enabled,No,3/16/2026,Senior DevOps Engineer,https://job-boards.greenhouse.io/astranis/jobs/4595916006
Job Application for DevOps Engineer at CaseGuard - Greenhouse,Caseguard,Greenhouse,completed,Not Enabled,No,3/16/2026,Senior DevOps Engineer,https://job-boards.greenhouse.io/caseguard/jobs/5012792008
"Job Application for Sr./Staff, DevOps Engineer at Merge API",Merge,Greenhouse,completed,Not Enabled,No,3/16/2026,Senior DevOps Engineer,http://job-boards.greenhouse.io/merge/jobs/5461803004
Job Application for Sr DevOps Engineer at Qualified Health,Qualifiedhealth,Greenhouse,completed,Not Enabled,No,3/16/2026,Senior DevOps Engineer,https://job-boards.greenhouse.io/qualifiedhealth/jobs/5108099008?gh_src=2f27c4db8us
Senior Cloud Engineer - AWS at Jensen Hughes - Greenhouse,Jensenhughes,Greenhouse,completed,Not Enabled,No,3/16/2026,Senior DevOps Engineer,https://job-boards.greenhouse.io/jensenhughes/jobs/5057991008
Job Application for Technical Success Manager I at New Relic,Newrelic,Greenhouse,completed,Not Enabled,No,3/16/2026,Senior DevOps Engineer,https://job-boards.greenhouse.io/newrelic/jobs/5148558008
"Technical Lead - DevOps (Perm, Ireland, Remote) - Greenhouse",Nearform,Greenhouse,completed,Not Enabled,No,3/16/2026,Senior DevOps Engineer,https://job-boards.greenhouse.io/nearform/jobs/7658149003
Director of Platform Engineering - Rippling,Uniuni,Rippling,completed,Not Enabled,No,3/16/2026,Senior DevOps Engineer,https://ats.rippling.com/en-US/uniuni/jobs/7c86df79-5419-49b3-adc5-b511d0e1c1e5
Cloud Platform Engineer with GCP - Greenhouse,Vmlenterprisesolutions,Greenhouse,completed,Not Enabled,No,3/16/2026,Senior DevOps Engineer,https://job-boards.greenhouse.io/vmlenterprisesolutions/jobs/8460413002
Lead Platform Engineer @ OnHires - Jobs,Onhires,Ashby,completed,Not Enabled,No,3/16/2026,Senior DevOps Engineer,https://jobs.ashbyhq.com/onhires/37f41e15-af09-43e9-a5b5-d46bb6b48237
Software Engineer - Python / AWS (TS/SCI Clearance Required),Northpointtechnology,Greenhouse,completed,Not Enabled,No,3/16/2026,Senior DevOps Engineer,https://job-boards.greenhouse.io/northpointtechnology/jobs/8456178002
Senior DevOps Engineer - Financial Company - (Remote/Brazil) - Jobs,Truelogic,Ashby,completed,Not Enabled,No,3/16/2026,Senior DevOps Engineer,https://jobs.ashbyhq.com/truelogic/4d7b5c1d-85ae-4f68-b7d3-dacfb624dcd8
Senior DevOps Engineer - Financial Company - (Remote/Mexico),Truelogic,Ashby,completed,Not Enabled,No,3/16/2026,Senior DevOps Engineer,https://jobs.ashbyhq.com/truelogic/a7c2c0d2-8c96-4745-8594-1968f07adcab
Senior DevOps Engineer - Financial Company - (Remote/Colombia),Truelogic,Ashby,completed,Not Enabled,No,3/16/2026,Senior DevOps Engineer,https://jobs.ashbyhq.com/truelogic/05a89f0b-4b35-4c28-8e14-4712ccd67a49
DevOps Engineer - Platform Automation (TS/SCI Clearance Required),Northpointtechnology,Greenhouse,completed,Not Enabled,No,3/16/2026,Senior DevOps Engineer,https://job-boards.greenhouse.io/northpointtechnology/jobs/8456047002
Job Application for GCP DevOps HPC Engineer at Xebia Spain,Xebiaspain,Greenhouse,completed,Not Enabled,No,3/16/2026,Senior DevOps Engineer,https://job-boards.greenhouse.io/xebiaspain/jobs/5616160004
Senior DevOps Engineer - Financial Company - (Remote/LATAM),Truelogic,Ashby,completed,Not Enabled,No,3/16/2026,Senior DevOps Engineer,https://jobs.ashbyhq.com/truelogic/f9af18fa-42cf-44bc-8f59-5eb81dd6652a
Principal DevOps Lead - Greenhouse,Techgrovebybanyansoftware,Greenhouse,completed,Not Enabled,No,3/16/2026,Senior DevOps Engineer,https://job-boards.greenhouse.io/techgrovebybanyansoftware/jobs/5068807007
"Senior Product Manager, NetBox Cloud - Jobs",Netboxlabs,Ashby,completed,Not Enabled,No,3/16/2026,Senior DevOps Engineer,https://jobs.ashbyhq.com/netboxlabs/bc3b05cb-f449-4c24-ba43-3ad33daefd54
Job Application for Senior DevOps Engineer at Betsson Group,Betsson,Greenhouse,completed,Not Enabled,No,3/16/2026,Senior DevOps Engineer,https://job-boards.greenhouse.io/betsson/jobs/7709328
Job Application for Sr. DevOps Engineer at Phizenix - Greenhouse,Phizenix,Greenhouse,completed,Not Enabled,No,3/16/2026,Senior DevOps Engineer,https://job-boards.greenhouse.io/phizenix/jobs/5149662008
Job Application for DevOps Engineer (Junior) at Oddball - Greenhouse,Oddball,Greenhouse,completed,Not Enabled,No,3/16/2026,Senior DevOps Engineer,https://job-boards.greenhouse.io/oddball/jobs/7661564003
FS2 - DevOps Engineer (TS/SCI Clearance Required) - Greenhouse,Northpointtechnology,Greenhouse,completed,Not Enabled,No,3/16/2026,Senior DevOps Engineer,https://job-boards.greenhouse.io/northpointtechnology/jobs/8456205002
Job Application for Senior DevOps Engineer at StackAdapt,Stackadapt,Greenhouse,completed,Not Enabled,No,3/16/2026,Senior DevOps Engineer,https://job-boards.greenhouse.io/stackadapt/jobs/4073245009
Cloud Engineer,Hrcrs Careers,Rippling,completed,Not Enabled,No,3/16/2026,Senior DevOps Engineer,https://ats.rippling.com/hrcrs_careers/jobs/8be192c4-4b7c-4fc1-acec-669ba82d268f
Senior DevOps Engineer,Karoo Health,Rippling,completed,Not Enabled,No,3/16/2026,Senior DevOps Engineer,https://ats.rippling.com/karoo-health/jobs/a62f103a-1115-445a-9f7b-0194ab233f1d
Job Application for Senior DevOps Engineer at Ivanti - Greenhouse,A3c41b8b71eff8c4,Greenhouse,completed,Not Enabled,No,3/16/2026,Senior DevOps Engineer,https://job-boards.greenhouse.io/a3c41b8b71eff8c4/jobs/7663840003
"Sr. DevOps Engineer, Cloud Security - Greenhouse",Centralreach,Greenhouse,completed,Not Enabled,No,3/16/2026,Senior DevOps Engineer,https://job-boards.greenhouse.io/centralreach/jobs/4181860009
PointClickCare - Senior Software Engineer - Lever,Pointclickcare,Lever,completed,Not Enabled,No,3/16/2026,Senior DevOps Engineer,https://jobs.lever.co/pointclickcare/e1b6ef96-dbf7-45ea-a875-1e66f5c4e347/apply
Senior Robotics Software Engineer (Perception & Localization) - Jobs,Orchard,Ashby,completed,Not Enabled,No,3/16/2026,Senior DevOps Engineer,https://jobs.ashbyhq.com/orchard/d9a6c7d4-0494-4eef-bec9-0353ef3c1661
Senior FullStack Developer @ FreeWill - Jobs,Freewill,Ashby,completed,Not Enabled,No,3/16/2026,Senior DevOps Engineer,https://jobs.ashbyhq.com/freewill/9311b2ae-e8bf-4de6-9686-f61cd19bad4d
Software Engineer @ RunSybil - Jobs,Runsybil Jobs,Ashby,completed,Not Enabled,No,3/16/2026,Senior DevOps Engineer,https://jobs.ashbyhq.com/runsybil-jobs/1ce3872b-7271-4e10-8e2a-d980f16de978/application
"Senior / Staff Software Engineer, Data Platform @ AirOps - Jobs",Airops,Ashby,completed,Not Enabled,No,3/16/2026,Senior DevOps Engineer,https://jobs.ashbyhq.com/airops/d672079b-ae31-4b41-a0b7-0ea4121a9313
Migration Automation Software Engineer @ Archy - Jobs,Archy,Ashby,completed,Not Enabled,No,3/16/2026,Senior DevOps Engineer,https://jobs.ashbyhq.com/Archy/3febc6f5-7122-4e8e-b82a-44b5e243ad71
"Adaptyv - Software Engineer, Product - Jobs",Adaptyv,Ashby,completed,Not Enabled,No,3/16/2026,Senior DevOps Engineer,https://jobs.ashbyhq.com/adaptyv/34e28741-b3fc-4536-b666-1e690c8f33f5
"Staff Software Engineer, Identity & Access Management - Jobs",Simspace Corporation,Ashby,completed,Not Enabled,No,3/16/2026,Senior DevOps Engineer,https://jobs.ashbyhq.com/simspace-corporation/58c83b74-81b8-4d9b-86e0-91a3de53a10a
Lead Software Engineer: Cloud Modernisation - Greenhouse,Entersekt,Greenhouse,completed,Not Enabled,No,3/16/2026,Senior DevOps Engineer,https://job-boards.greenhouse.io/entersekt/jobs/5802574004
"Job Application for Senior Software Engineer II, Frontend at ICON",Iconcareers,Greenhouse,completed,Not Enabled,No,3/16/2026,Senior DevOps Engineer,https://job-boards.greenhouse.io/iconcareers/jobs/5759813004&gh_src=ec2a962c4us
Staff Software Engineer - Architecture and Cloud Scale - Greenhouse,Learnlux,Greenhouse,completed,Not Enabled,No,3/16/2026,Senior DevOps Engineer,https://job-boards.greenhouse.io/learnlux/jobs/5115085008
Software Engineer @ BeyondMath - Jobs,Beyondmath,Ashby,completed,Not Enabled,No,3/16/2026,Senior DevOps Engineer,https://jobs.ashbyhq.com/beyondmath/df9a9d5e-c2ba-4ff5-8148-938fc64fafae
Job Application for Programmatic Software Engineer at RTB House,Rtbhouse,Greenhouse,completed,Not Enabled,No,3/16/2026,Senior DevOps Engineer,https://job-boards.greenhouse.io/rtbhouse/jobs/4803733101
"Senior Software Engineer, Agentic Integrations",Vouch Inc,Rippling,completed,Not Enabled,No,3/16/2026,Senior DevOps Engineer,https://ats.rippling.com/vouch-inc/jobs/4374bcc9-20da-44ea-b5b0-95d77158e60c
Senior Software Engineer - (Backend Focus),Vividly,Rippling,completed,Not Enabled,No,3/16/2026,Senior DevOps Engineer,https://ats.rippling.com/vividly/jobs/98bb2801-b85d-4cdd-b86d-a6974d7799d4
"Payroll Orchestration, Processing, Run Managament & Calculation",Rippling,Rippling,completed,Not Enabled,No,3/16/2026,Senior DevOps Engineer,https://ats.rippling.com/rippling/jobs/df9ebf17-6e08-40eb-8ab5-081115aaa65c
Job Application for Software Engineer at Adventure ... - Greenhouse,Cs2llc,Greenhouse,completed,Not Enabled,No,3/16/2026,Senior DevOps Engineer,https://job-boards.greenhouse.io/cs2llc/jobs/5079220007
Job Application for Robot Platform Software Engineer at Apptronik,Apptronik,Greenhouse,completed,Not Enabled,No,3/16/2026,Senior DevOps Engineer,https://job-boards.greenhouse.io/apptronik/jobs/5813642004?gh_jid=58136420044
Senior Software Engineer (Backend) @ Counsel Health - Jobs,Counsel,Ashby,completed,Not Enabled,No,3/16/2026,Senior DevOps Engineer,https://jobs.ashbyhq.com/counsel/d86e6c06-af3d-452b-b29b-9588bb9daaac
Job Application for Senior Software Engineer - HSM at BitGo,Bitgo,Greenhouse,completed,Not Enabled,No,3/16/2026,Senior DevOps Engineer,https://job-boards.greenhouse.io/bitgo/jobs/8459882002
ShareGate Migrate at Workleap - Software Developer II - Greenhouse,Workleap,Greenhouse,completed,Not Enabled,No,3/16/2026,Senior DevOps Engineer,https://job-boards.greenhouse.io/workleap/jobs/5061791007
"Senior Software Engineer, Consumer Banking & Credit Cards - Jobs",Nerdwallet,Ashby,completed,Not Enabled,No,3/16/2026,Senior DevOps Engineer,https://jobs.ashbyhq.com/nerdwallet/4cb6bdad-a5c9-48a2-9a2b-2913c42545e2
Job Application for Senior Software Engineer - Frontend at Sigma ...,Sigmacomputing,Greenhouse,completed,Not Enabled,No,3/16/2026,Senior DevOps Engineer,https://job-boards.greenhouse.io/sigmacomputing/jobs/7657068003
Job Application for Software Engineer - Compiler at Sigma Computing,Sigmacomputing,Greenhouse,completed,Not Enabled,No,3/16/2026,Senior DevOps Engineer,https://job-boards.greenhouse.io/sigmacomputing/jobs/7658290003
Staff Software Engineer - Frontend at Sigma Computing - Greenhouse,Sigmacomputing,Greenhouse,completed,Not Enabled,No,3/16/2026,Senior DevOps Engineer,https://job-boards.greenhouse.io/sigmacomputing/jobs/7657067003
Job Application for Software Engineer at Everpure - Greenhouse,Purestorage,Greenhouse,completed,Not Enabled,No,3/16/2026,Senior DevOps Engineer,https://job-boards.greenhouse.io/purestorage/jobs/7681099
Job Application for Senior Software Engineer - Fullstack at Sigma ...,Sigmacomputing,Greenhouse,completed,Not Enabled,No,3/16/2026,Senior DevOps Engineer,https://job-boards.greenhouse.io/sigmacomputing/jobs/7657070003
"Senior Software Engineer, Frontend @ SentiLink - Jobs",Sentilink,Ashby,completed,Not Enabled,No,3/15/2026,Senior DevOps Engineer,https://jobs.ashbyhq.com/sentilink/1aa02fd5-708e-4e7b-acfa-165beec7c149
Job Application for Senior Software Engineer - Search at AlphaSense,Alphasense,Greenhouse,completed,Not Enabled,No,3/15/2026,Senior DevOps Engineer,https://job-boards.greenhouse.io/alphasense/jobs/8436028002
Senior Software Engineer - Backend (Network Software) - Greenhouse,Astranis,Greenhouse,completed,Not Enabled,No,3/15/2026,Senior DevOps Engineer,https://job-boards.greenhouse.io/astranis/jobs/4663277006
Job Application for Software Engineer (Ruby on Rails) at Nava PBC,Navapbc,Greenhouse,completed,Not Enabled,No,3/15/2026,Senior DevOps Engineer,http://job-boards.greenhouse.io/navapbc/jobs/4179313009
Job Application for Scientific Software Engineer at Solid Power,Solidpower,Greenhouse,completed,Not Enabled,No,3/15/2026,Senior DevOps Engineer,https://job-boards.greenhouse.io/solidpower/jobs/5825239004
Job Application for Senior Mission Software Engineer at Varda ...,Vardaspace,Greenhouse,completed,Not Enabled,No,3/15/2026,Senior DevOps Engineer,https://job-boards.greenhouse.io/vardaspace/jobs/7641654003?gh_jid=7641654003
"Notion - Software Engineer, Enterprise - Jobs",Notion,Ashby,completed,Not Enabled,No,3/15/2026,Senior DevOps Engineer,https://jobs.ashbyhq.com/notion/e42b6c82-bb07-48ef-bd00-48955b2a5cab
"Senior Software Engineer, SDN Networking @ Crusoe - Jobs",Crusoe,Ashby,completed,Not Enabled,No,3/15/2026,Senior DevOps Engineer,https://jobs.ashbyhq.com/Crusoe/053a7530-e135-4258-a692-526cae632e01
"Job Application for Senior Software Engineer, Fullstack at CLEAR",Clear,Greenhouse,completed,Not Enabled,No,3/15/2026,Senior DevOps Engineer,https://job-boards.greenhouse.io/clear/jobs/7694634
Job Application for Software Engineer at Airtable - Greenhouse,Airtable,Greenhouse,completed,Not Enabled,No,3/15/2026,Senior DevOps Engineer,https://job-boards.greenhouse.io/airtable/jobs/8461006002
"Staff Software Engineer, Reporting Platform (Frontend) - Greenhouse",Gusto,Greenhouse,completed,Not Enabled,No,3/15/2026,Senior DevOps Engineer,https://job-boards.greenhouse.io/gusto/jobs/7654894
Job Application for Senior Software Engineer at Garner Health,Garnerhealth,Greenhouse,completed,Not Enabled,No,3/15/2026,Senior DevOps Engineer,https://job-boards.greenhouse.io/garnerhealth/jobs/5816853004?gh_jid=5816853004
Job Application for Senior Software Engineer at Omada Health,Omadahealth,Greenhouse,completed,Not Enabled,No,3/15/2026,Senior DevOps Engineer,https://job-boards.greenhouse.io/omadahealth/jobs/7711461
"Senior/Staff Software Engineer, Developer Tools and Productivity",Figureai,Greenhouse,completed,Not Enabled,No,3/15/2026,Senior DevOps Engineer,https://job-boards.greenhouse.io/figureai/jobs/4662042006
"Job Application for Staff+ Software Engineer, Databases at Anthropic",Anthropic,Greenhouse,completed,Not Enabled,No,3/15/2026,Senior DevOps Engineer,https://job-boards.greenhouse.io/anthropic/jobs/5151069008
"Job Application for Software Engineer, Compute (8+ YOE) at Airtable",Airtable,Greenhouse,completed,Not Enabled,No,3/15/2026,Senior DevOps Engineer,https://job-boards.greenhouse.io/airtable/jobs/8442397002?gh_jid=8442397002
Job Application for Lead Automation Engineer at Culture Amp,Cultureamp,Greenhouse,completed,Not Enabled,No,3/15/2026,Senior DevOps Engineer,https://job-boards.greenhouse.io/cultureamp/jobs/7702688
"Sr. Salesforce Administrator, Service Cloud @ PAR Technology - Jobs",Par Technology,Ashby,completed,Not Enabled,No,3/15/2026,Senior DevOps Engineer,https://jobs.ashbyhq.com/par%20technology/c4d5eb1e-b4e1-416b-90c9-3d8e72937bd8
Job Application for BA / Project Coordinator at Menace.com,Menace Com,Greenhouse,completed,Not Enabled,No,3/15/2026,Senior DevOps Engineer,http://job-boards.greenhouse.io/menace-com/jobs/4805461101
Automation Engineer IT and Business Systems - Greenhouse,Rebuildmanufacturing,Greenhouse,completed,Not Enabled,No,3/15/2026,Senior DevOps Engineer,https://job-boards.greenhouse.io/rebuildmanufacturing/jobs/4640116005?gh_jid=4640116005
Engineering Manager @ ZayZoon - Jobs,Zayzoon,Ashby,completed,Not Enabled,No,3/15/2026,Senior DevOps Engineer,https://jobs.ashbyhq.com/zayzoon/0b314876-a6cb-4a7e-98a3-0cd9057ca1dc
Quant Developer Relations Engineer @ HyperLink - Jobs,Hyperlink,Ashby,completed,Not Enabled,No,3/15/2026,Senior DevOps Engineer,https://jobs.ashbyhq.com/hyperlink/00e088de-769b-4605-8d60-2ae67f016288
Job Application for Project Manager (m/w/d) at DEPT® - Greenhouse,Dept,Greenhouse,completed,Not Enabled,No,3/15/2026,Senior DevOps Engineer,https://job-boards.greenhouse.io/dept/jobs/7694570
CMDB Analyst/ ITSM/ ServiceNow - Bangalore at Capco - Greenhouse,Capco,Greenhouse,completed,Not Enabled,No,3/15/2026,Senior DevOps Engineer,https://job-boards.greenhouse.io/capco/jobs/7705313
Job Application for DevSecOps Engineer at Rimes Technologies,Rimestechnologies,Greenhouse,completed,Not Enabled,No,3/15/2026,Senior DevOps Engineer,https://job-boards.greenhouse.io/rimestechnologies/jobs/5824003004
Job Application for SDET at Capco - Greenhouse,Capco,Greenhouse,completed,Not Enabled,No,3/15/2026,Senior DevOps Engineer,https://job-boards.greenhouse.io/capco/jobs/7703768?utm_source=commonjobs&utm_medium=referral&utm_campaign=job_listing
Firmware Engineer @ Echo Neurotechnologies - Jobs,Echo,Ashby,completed,Not Enabled,No,3/15/2026,Senior DevOps Engineer,https://jobs.ashbyhq.com/echo/8a348e25-7864-4e41-a38a-b7263e0fdf21
Senior Firmware Engineer @ Echo Neurotechnologies - Jobs,Echo,Ashby,completed,Not Enabled,No,3/15/2026,Senior DevOps Engineer,https://jobs.ashbyhq.com/echo/65fe435a-b898-497c-bcf2-eb7351ff422c
"Job Application for Director, Product Design at Shift4 - Greenhouse",Shift4,Greenhouse,completed,Not Enabled,No,3/15/2026,Senior DevOps Engineer,https://job-boards.greenhouse.io/shift4/jobs/5040267007
Job Application for AI Integrations Engineer at Telnyx - Greenhouse,Telnyx54,Greenhouse,completed,Not Enabled,No,3/15/2026,Senior DevOps Engineer,https://job-boards.greenhouse.io/telnyx54/jobs/5582789003?ref=opentoworkremote.com&utm_source=opentoworkremote.com
Job Application for Data Engineer at Verve For Advertisers,Jungroup,Greenhouse,completed,Not Enabled,No,3/15/2026,Senior DevOps Engineer,https://job-boards.greenhouse.io/jungroup/jobs/8455485002
Job Application for Platform Engineer (Remote / Contract) at Verve ...,Jungroup,Greenhouse,completed,Not Enabled,No,3/15/2026,Senior DevOps Engineer,https://job-boards.greenhouse.io/jungroup/jobs/8455454002
Partnership & Events Marketing Manager @ Comfy - Jobs,Comfy Org,Ashby,completed,Not Enabled,No,3/15/2026,Senior DevOps Engineer,https://jobs.ashbyhq.com/comfy-org/89d3ff75-2055-4e92-9c69-81feff55627c
Manual QA Engineer @ Kira - Jobs,Kira,Ashby,completed,Not Enabled,No,3/15/2026,Senior DevOps Engineer,https://jobs.ashbyhq.com/kira/7f42ae05-e3db-4b78-8b76-04693772727a
"Job Application for UI/UX Designer, Palo Alto at Rhombus Power, Inc.",Rhombuspower,Greenhouse,completed,Not Enabled,No,3/15/2026,Senior DevOps Engineer,https://job-boards.greenhouse.io/rhombuspower/jobs/7659142003
Job Application for Product UI/UX Designer at AutoDS - Greenhouse,Autods,Greenhouse,completed,Not Enabled,No,3/15/2026,Senior DevOps Engineer,https://job-boards.greenhouse.io/autods/jobs/5147020008
Senior Product Engineer (Security Focus),Govly Inc,Rippling,completed,Not Enabled,No,3/15/2026,Senior DevOps Engineer,https://ats.rippling.com/govly-inc/jobs/bef3a597-484a-4665-bbf4-08f23bdc70de
Read-A-Thon - Senior PHP Full-Stack Developer - Greenhouse,Trinityparktalent,Greenhouse,completed,Not Enabled,No,3/15/2026,Senior DevOps Engineer,https://job-boards.greenhouse.io/trinityparktalent/jobs/8454755002
Job Application for Senior Product Designer at Near AI - Greenhouse,Nearai,Greenhouse,completed,Not Enabled,No,3/15/2026,Senior DevOps Engineer,http://job-boards.greenhouse.io/nearai/jobs/4807707101
Job Application for Assistant Merchandise Manager at Dude Perfect,Dudeperfect,Greenhouse,completed,Not Enabled,No,3/15/2026,Senior DevOps Engineer,https://job-boards.greenhouse.io/dudeperfect/jobs/5153717008
Job Application for Werkstudent*in – SEO (d/w/m) at Grover,Grover,Greenhouse,completed,Not Enabled,No,3/15/2026,Senior DevOps Engineer,https://job-boards.greenhouse.io/grover/jobs/7664084003
Data Analyst – Product & Agent Intelligence - Greenhouse,Threatlocker,Greenhouse,completed,Not Enabled,No,3/15/2026,Senior DevOps Engineer,https://job-boards.greenhouse.io/threatlocker/jobs/5822335004
Job Application for Producer at Rushdown Studios - Greenhouse,Rushdownstudios,Greenhouse,completed,Not Enabled,No,3/15/2026,Senior DevOps Engineer,https://job-boards.greenhouse.io/rushdownstudios/jobs/4182939009
Senior Gameplay Systems Engineer - Greenhouse,Rushdownstudios,Greenhouse,completed,Not Enabled,No,3/15/2026,Senior DevOps Engineer,https://job-boards.greenhouse.io/rushdownstudios/jobs/4178381009
Senior Technical Support Engineer EMEA @ Semgrep - Jobs,Semgrep,Ashby,completed,Not Enabled,No,3/15/2026,Senior DevOps Engineer,https://jobs.ashbyhq.com/semgrep/8656a9a8-302b-480f-a648-b1e7d3ac5a4a
Job Application for Senior UI Engineer at Rushdown Studios,Rushdownstudios,Greenhouse,completed,Not Enabled,No,3/15/2026,Senior DevOps Engineer,https://job-boards.greenhouse.io/rushdownstudios/jobs/4162899009
Full Stack Developer - Job Application for Mosaic - Greenhouse,Mosaicservicepartners,Greenhouse,completed,Not Enabled,No,3/15/2026,Senior DevOps Engineer,https://job-boards.greenhouse.io/mosaicservicepartners/jobs/4182638009
Staff DevOps Engineer @ Witness AI - Jobs,Witnessai,Ashby,completed,Not Enabled,No,3/15/2026,Senior DevOps Engineer,https://jobs.ashbyhq.com/witnessai/37b17401-fdbb-4b20-9c28-0a4aefeb4697
Job Application for Backend Engineer (Java) at Rushdown Studios,Rushdownstudios,Greenhouse,completed,Not Enabled,No,3/15/2026,Senior DevOps Engineer,https://job-boards.greenhouse.io/rushdownstudios/jobs/4178120009
Operations Associate @ tldraw - Jobs,Tldraw,Ashby,completed,Not Enabled,No,3/15/2026,Senior DevOps Engineer,https://jobs.ashbyhq.com/tldraw/fe397101-c12f-4cba-a93e-14678425f68c
SDK Engineer - Flutter @ Supabase - Jobs,Supabase,Ashby,completed,Not Enabled,No,3/15/2026,Senior DevOps Engineer,https://jobs.ashbyhq.com/supabase/5436c7ae-8254-4a28-9755-c5c39de5980b
IT Support Engineer @ Magic - Jobs,Magic.dev,Ashby,completed,Not Enabled,No,3/15/2026,Senior DevOps Engineer,https://jobs.ashbyhq.com/magic.dev/d0a9cefe-e04f-4105-b86e-fb5c868ba9fe
HighLevel - Software Development Engineer III - Full Stack ... - Lever,Gohighlevel,Lever,completed,Not Enabled,No,3/15/2026,Senior DevOps Engineer,https://jobs.lever.co/gohighlevel/944c3bcf-04fb-4e95-99b7-61c1c9369e3c/apply
Full Stack Software Engineer @ Fortell Research - Jobs,Fortell,Ashby,completed,Not Enabled,No,3/15/2026,Senior DevOps Engineer,https://jobs.ashbyhq.com/fortell/4c7d9257-1404-462a-973f-ff699c4d65d3?embed=js
Content Marketer @ Firecrawl - Jobs,Firecrawl,Ashby,completed,Not Enabled,No,3/15/2026,Senior DevOps Engineer,https://jobs.ashbyhq.com/firecrawl/eae1e334-150e-4c6a-b634-af25e4a9f743
Job Application for Senior Software Engineer at EnergyHub,Energyhub,Greenhouse,completed,Not Enabled,No,3/15/2026,Senior DevOps Engineer,http://job-boards.greenhouse.io/energyhub/jobs/8459624002
Founding Design Engineer @ Conductor - Jobs,Conductor,Ashby,completed,Not Enabled,No,3/15/2026,Senior DevOps Engineer,https://jobs.ashbyhq.com/Conductor/c4ce485d-547d-4632-bfce-29c35c9d8ca2
Job Application for Software Dev Senior Engineer at SonicWall,Sonicwall,Greenhouse,completed,Not Enabled,No,3/15/2026,Senior DevOps Engineer,https://job-boards.greenhouse.io/sonicwall/jobs/7389904
Dev-QA Engineer @ Cygnify - Jobs,Cygnify,Ashby,completed,Not Enabled,No,3/15/2026,Senior DevOps Engineer,https://jobs.ashbyhq.com/cygnify/624734e4-1eca-4525-9f99-64e9f95ba20f/application
Senior EPM Dev Lead & Administrator - Greenhouse,Cloudflare,Greenhouse,completed,Not Enabled,No,3/15/2026,Senior DevOps Engineer,https://job-boards.greenhouse.io/cloudflare/jobs/7676199
"Software Engineer, AI Dev Tools @ Whatnot - Jobs",Whatnot,Ashby,completed,Not Enabled,No,3/15/2026,Senior DevOps Engineer,https://jobs.ashbyhq.com/whatnot/721c76c6-dc6c-42ef-850d-d22ffc556e28?utm_source=ig_text_feed_timeline&media_id=3834961226477154433_68889159602&media_author_id=68889159602&ranking_info_token=GCAxY2EyMmMwOGM4YWE0OGIxOWVhNzY1MDExMWQyMDY2YiXkupUDFdgEFoDwsJkNGBMzODM0OTYxMjI2NDc3MTU0NDMzKANuaGEA
Senior Data Engineer @ People Data Labs - Jobs,People Data Labs,Ashby,completed,Not Enabled,No,3/14/2026,Senior DevOps Engineer,https://jobs.ashbyhq.com/people-data-labs/b6575c65-6ff8-405c-851b-0b0433fb471d
"Notion - Data Engineer, Go-To-Market - Jobs",Notion,Ashby,completed,Not Enabled,No,3/14/2026,Senior DevOps Engineer,https://jobs.ashbyhq.com/notion/655b047b-5e58-4b0c-82f0-8c16b2c03318
Senior Data Engineer - Analytics and Visualization @ ALSO - Jobs,Ridealso,Ashby,completed,Not Enabled,No,3/14/2026,Senior DevOps Engineer,https://jobs.ashbyhq.com/Ridealso/9f5b2695-3799-4c80-8d28-f5769afb724a
Lead Data Engineer @ AirOps - Jobs,Airops,Ashby,completed,Not Enabled,No,3/14/2026,Senior DevOps Engineer,https://jobs.ashbyhq.com/airops/2aa7b5f0-ca88-4807-93a6-91e0e69e9e6c
Data Engineer,Sumersports,Rippling,completed,Not Enabled,No,3/14/2026,Senior DevOps Engineer,https://ats.rippling.com/sumersports/jobs/9adcdbac-e415-46f4-91cf-9f78ca0df581
Data Engineer @ RevenueBase Inc - Jobs,Revenuebase Inc,Ashby,completed,Not Enabled,No,3/14/2026,Senior DevOps Engineer,https://jobs.ashbyhq.com/revenuebase-inc/1a9f2caa-d293-4297-a90d-8162e0f7972e?utm_source=jobs.bvp.com
Senior Data Engineer,Alaan Careers,Rippling,completed,Not Enabled,No,3/14/2026,Senior DevOps Engineer,https://ats.rippling.com/en-US/alaan-careers/jobs/089df7a9-ecc6-43dd-8db3-cded680492ce
Job Application for Data Engineer at Trivelta - Greenhouse,Trivelta,Greenhouse,completed,Not Enabled,No,3/14/2026,Senior DevOps Engineer,https://job-boards.greenhouse.io/trivelta/jobs/4107984009
Job Application for Senior Data Engineer at Setpoint - Greenhouse,Setpoint,Greenhouse,completed,Not Enabled,No,3/14/2026,Senior DevOps Engineer,https://job-boards.greenhouse.io/setpoint/jobs/5047800007
Senior Data Engineer | Chartmetric,Chartmetric,Rippling,completed,Not Enabled,No,3/14/2026,Senior DevOps Engineer,https://ats.rippling.com/chartmetric/jobs/91cff54c-f392-46ab-b5bd-6272daccd81d
"Senior Data Engineer, Growth (Remote) - Greenhouse",Ezcaterinc,Greenhouse,completed,Not Enabled,No,3/14/2026,Senior DevOps Engineer,http://job-boards.greenhouse.io/ezcaterinc/jobs/5026915007
Job Application for Senior Data Engineer at Enigma - Greenhouse,Enigmaio,Greenhouse,completed,Not Enabled,No,3/14/2026,Senior DevOps Engineer,https://job-boards.greenhouse.io/enigmaio/jobs/67568
Intropic - Market Data Engineer - Lever,Intropic,Lever,completed,Not Enabled,No,3/14/2026,Senior DevOps Engineer,https://jobs.lever.co/intropic/43d424d6-f7fd-43e9-ac62-8b088d4bc4f9/apply?utm_id=4541715&utm_source=%F0%9F%87%AC%F0%9F%87%A7+UK+Data+Jobs
"Software Engineer II, Data Engineer @ LG Ad Solutions - Jobs",Lgads,Ashby,completed,Not Enabled,No,3/14/2026,Senior DevOps Engineer,https://jobs.ashbyhq.com/lgads/c26a2bee-e3ab-4d38-aa18-e44721d3d20b
Data Engineer (Senior) @ Spear AI - Jobs,Spear Ai,Ashby,completed,Not Enabled,No,3/14/2026,Senior DevOps Engineer,https://jobs.ashbyhq.com/spear-ai/94ca65b0-7085-4fc3-a6a1-b7d55513d42f/application
Job Application for Data Engineer at Unite Us - Greenhouse,Uniteus,Greenhouse,completed,Not Enabled,No,3/14/2026,Senior DevOps Engineer,https://job-boards.greenhouse.io/uniteus/jobs/8462816002
Data Engineer @ MAI - Jobs,Mai,Ashby,completed,Not Enabled,No,3/14/2026,Senior DevOps Engineer,https://jobs.ashbyhq.com/mai/1cd58405-101d-48eb-9161-e33a6df1b69d
Data Engineer III,Mozn Ai,Rippling,completed,Not Enabled,No,3/14/2026,Senior DevOps Engineer,https://ats.rippling.com/mozn-ai/jobs/a2f27d4e-761a-4d90-a4c8-a65243238577
Job Application for Senior Data Engineer at Atomic Machines,Atomicmachines,Greenhouse,completed,Not Enabled,No,3/14/2026,Senior DevOps Engineer,https://job-boards.greenhouse.io/atomicmachines/jobs/4077904009
Job Application for Senior Data Engineer at Firmus Technologies,Firmus,Greenhouse,completed,Not Enabled,No,3/14/2026,Senior DevOps Engineer,https://job-boards.greenhouse.io/firmus/jobs/4989828008
Sr. Data Engineer - Healthcare Data Infrastructure - Greenhouse,Qualifiedhealth,Greenhouse,completed,Not Enabled,No,3/14/2026,Senior DevOps Engineer,https://job-boards.greenhouse.io/qualifiedhealth/jobs/5153317008
Job Application for Senior Data Engineer at Constant Contact,Constantcontact,Greenhouse,completed,Not Enabled,No,3/14/2026,Senior DevOps Engineer,https://job-boards.greenhouse.io/constantcontact/jobs/7600116
Senior Data Engineer,Camlin Careers,Rippling,completed,Not Enabled,No,3/14/2026,Senior DevOps Engineer,https://ats.rippling.com/en-GB/camlin-careers/jobs/8dca1c42-d3a8-4e5a-9370-4ac1c0f7b423
Senior Data Engineer @ Counsel Health - Jobs,Counsel,Ashby,completed,Not Enabled,No,3/14/2026,Senior DevOps Engineer,https://jobs.ashbyhq.com/counsel/6b0ffc01-2103-4845-8886-bc0a84e04fa5
Data Engineer @ Screenverse - Jobs,Screenverse,Ashby,completed,Not Enabled,No,3/14/2026,Senior DevOps Engineer,https://jobs.ashbyhq.com/screenverse/3cd30483-e951-423f-861a-3b7262e17426
Senior Data Engineer | Essor,Essor,Rippling,completed,Not Enabled,No,3/14/2026,Senior DevOps Engineer,https://ats.rippling.com/essor/jobs/31e5d771-0311-4d25-8e24-d13afb44924d
Data Engineer,Ascentt,Rippling,completed,Not Enabled,No,3/14/2026,Senior DevOps Engineer,https://ats.rippling.com/ascentt/jobs/eeeb16cd-1c30-41ae-864d-bfad522b94ae
Job Application for Data Engineer Lead at DAS42 - Greenhouse,Das42,Greenhouse,completed,Not Enabled,No,3/14/2026,Senior DevOps Engineer,https://job-boards.greenhouse.io/das42/jobs/5790357004
Data Engineer @ Tabs - Jobs,Tabs,Ashby,completed,Not Enabled,No,3/14/2026,Senior DevOps Engineer,https://jobs.ashbyhq.com/tabs/4adb8c6f-90ce-497e-8da1-7ce946c53612
Data Engineer - GTM Team,Rippling,Rippling,completed,Not Enabled,No,3/14/2026,Senior DevOps Engineer,https://ats.rippling.com/rippling/jobs/d277ed11-cc54-4844-be84-22063425be6b
Senior Data Engineer | Clara Analytics,Clara Analytics,Rippling,completed,Not Enabled,No,3/14/2026,Senior DevOps Engineer,https://ats.rippling.com/en-US/clara-analytics/jobs/7cc21f2e-6da0-49b2-a992-f9784c48bce3
Senior Data Engineer | Sparq Opportunities,Sparq,Rippling,completed,Not Enabled,No,3/14/2026,Senior DevOps Engineer,https://ats.rippling.com/sparq/jobs/2d0f94df-fa8f-4808-9c51-d7d6f9decbe1
Senior Data Engineer,Feed Media Group,Rippling,completed,Not Enabled,No,3/14/2026,Senior DevOps Engineer,https://ats.rippling.com/feed-media-group/jobs/28741ff8-d4d1-4f3a-8a04-c825de42b27f
Job Application for Senior Data Engineer at Unite Us - Greenhouse,Uniteus,Greenhouse,completed,Not Enabled,No,3/14/2026,Senior DevOps Engineer,https://job-boards.greenhouse.io/uniteus/jobs/8462774002
Data Engineer @ Suno - Jobs,Suno,Ashby,completed,Not Enabled,No,3/14/2026,Senior DevOps Engineer,https://jobs.ashbyhq.com/suno/9823587b-1ab4-4ecc-a6f1-32f744364bdc
Lead Data Engineer (Databricks),Rearc,Rippling,completed,Not Enabled,No,3/14/2026,Senior DevOps Engineer,https://ats.rippling.com/rearc/jobs/2685986d-5b77-479c-973c-8687d51394cf
Job Application for Senior Data Engineer at Together AI - Greenhouse,Togetherai,Greenhouse,completed,Not Enabled,No,3/14/2026,Senior DevOps Engineer,https://job-boards.greenhouse.io/togetherai/jobs/4737079007
Job Application for Senior Data Engineer at BlastPoint - Greenhouse,Blastpoint,Greenhouse,completed,Not Enabled,No,3/14/2026,Senior DevOps Engineer,http://job-boards.greenhouse.io/blastpoint/jobs/5052277007
Senior Data Engineer,Genlogs Corporation,Rippling,completed,Not Enabled,No,3/14/2026,Senior DevOps Engineer,https://ats.rippling.com/genlogs-corporation/jobs/6519c093-5ecd-4ed7-ac22-ae2a97afeecc
Job Application for Senior Data Engineer at Cloudflare - Greenhouse,Cloudflare,Greenhouse,completed,Not Enabled,No,3/14/2026,Senior DevOps Engineer,https://job-boards.greenhouse.io/cloudflare/jobs/7566223
Job Application for Senior Data Engineer at PeopleFinders,Peoplefinders,Greenhouse,completed,Not Enabled,No,3/14/2026,Senior DevOps Engineer,https://job-boards.greenhouse.io/peoplefinders/jobs/5063263007
Job Application for Senior Data Engineer at MasterClass,Masterclass,Greenhouse,completed,Not Enabled,No,3/14/2026,Senior DevOps Engineer,https://job-boards.greenhouse.io/masterclass/jobs/7555527
Job Application for Senior Data Engineer at Modern Health,Modernhealth,Greenhouse,completed,Not Enabled,No,3/14/2026,Senior DevOps Engineer,https://job-boards.greenhouse.io/modernhealth/jobs/7580534002
Senior Data Engineer @ Imprint - Jobs,Imprint,Ashby,completed,Not Enabled,No,3/14/2026,Senior DevOps Engineer,https://jobs.ashbyhq.com/imprint/0dad33aa-fcab-40be-8c4f-b31aea8c6ba2
Senior Data Engineer,Accelint Holdings Llc,Rippling,completed,Not Enabled,No,3/14/2026,Senior DevOps Engineer,https://ats.rippling.com/en-US/accelint-holdings-llc/jobs/ef7a31a3-0c35-4790-9e5b-27d87fcfe6e6
Job Application for Data Engineer at Alt - Greenhouse,Alt,Greenhouse,completed,Not Enabled,No,3/14/2026,Senior DevOps Engineer,http://job-boards.greenhouse.io/alt/jobs/7588614003
Job Application for Senior Data Engineer at Sollis Health,Sollishealth,Greenhouse,completed,Not Enabled,No,3/14/2026,Senior DevOps Engineer,http://job-boards.greenhouse.io/sollishealth/jobs/7610014003
Data Engineer,The Nsls Job Board,Rippling,completed,Not Enabled,No,3/14/2026,Senior DevOps Engineer,https://ats.rippling.com/en-US/the-nsls-job-board/jobs/88c9adc8-827d-4f22-ab7a-b9ae85dd1ef5
Job Application for Senior Data Engineer at Headway - Greenhouse,Headway,Greenhouse,completed,Not Enabled,No,3/14/2026,Senior DevOps Engineer,https://job-boards.greenhouse.io/headway/jobs/5489512004
Senior Data Engineer,Topdoglaw,Rippling,completed,Not Enabled,No,3/14/2026,Senior DevOps Engineer,https://ats.rippling.com/topdoglaw/jobs/a37e02c5-0b8f-48a1-a104-1aecf3916e9f
Job Application for Senior Data Engineer at Maven Clinic,Mavenclinic,Greenhouse,completed,Not Enabled,No,3/14/2026,Senior DevOps Engineer,http://job-boards.greenhouse.io/mavenclinic/jobs/8062736002
"Software Engineer, Infrastructure @ Suno - Jobs",Suno,Ashby,completed,Not Enabled,No,3/13/2026,Senior DevOps Engineer,https://jobs.ashbyhq.com/suno/0fc41271-f0d1-4dd9-a40f-f1f915bb3d54
Full Stack Software Engineer @ Gumloop - Jobs,Gumloop,Ashby,completed,Not Enabled,No,3/13/2026,Senior DevOps Engineer,https://jobs.ashbyhq.com/gumloop/7aeb4156-b4d2-4ee7-a67d-5ec5428eb861
Senior Systems Engineer I - ICON,Iconcareers,Greenhouse,completed,Not Enabled,No,3/13/2026,Senior DevOps Engineer,https://job-boards.greenhouse.io/iconcareers/jobs/5710859004
"Software Engineer, Distributed Systems - Greenhouse",Hightouch,Greenhouse,completed,Not Enabled,No,3/13/2026,Senior DevOps Engineer,http://job-boards.greenhouse.io/hightouch/jobs/4782632004
Staff Software Engineer - Payroll Processing,Rippling,Rippling,completed,Not Enabled,No,3/13/2026,Senior DevOps Engineer,https://ats.rippling.com/rippling/jobs/94e4cad6-2edd-4601-8f68-4b8b4606f3dc
Senior Software Engineer,Rippling,Rippling,completed,Not Enabled,No,3/13/2026,Senior DevOps Engineer,https://ats.rippling.com/rippling/jobs/5cc64449-331c-49ff-b07b-d89ad78f5ac8
Software Engineer @ Cognition - Jobs,Cognition,Ashby,completed,Not Enabled,No,3/13/2026,Senior DevOps Engineer,https://jobs.ashbyhq.com/cognition/e8086415-62bc-4cc0-96a4-84bb56182d35?utm_source=stephmui.beehiiv.com&utm_medium=newsletter&utm_campaign=everything-you-need-to-read-this-week-by-stephthefounder-september-15th&_bhlid=11926c5758bbb77cb9bf95b06a36ae1ee0772f0c
"Backend Senior Software Engineer, Monetization Platform @ Vanta",Vanta,Ashby,completed,Not Enabled,No,3/13/2026,Senior DevOps Engineer,https://jobs.ashbyhq.com/vanta/8a6b8612-7e7c-496b-9e81-d405fb9b4cc3
Job Application for Senior Software Engineer at Tigera - Greenhouse,Tigera,Greenhouse,completed,Not Enabled,No,3/13/2026,Senior DevOps Engineer,https://job-boards.greenhouse.io/tigera/jobs/4645166005?gh_jid=4645166005
"Job Application for Senior Software Engineer, Inference at Anthropic",Anthropic,Greenhouse,completed,Not Enabled,No,3/13/2026,Senior DevOps Engineer,http://job-boards.greenhouse.io/anthropic/jobs/4641822008
Software Engineer II,Syllable Corporation,Rippling,completed,Not Enabled,No,3/13/2026,Senior DevOps Engineer,https://ats.rippling.com/syllable-corporation/jobs/2ca2fc5b-cab8-4a67-928f-f78c1e7f08b9
"Senior Staff Software Engineer, Infrastructure - Greenhouse",Temporaltechnologies,Greenhouse,completed,Not Enabled,No,3/13/2026,Senior DevOps Engineer,http://job-boards.greenhouse.io/temporaltechnologies/jobs/5038049007
"Senior Software Engineer, Backend @ Credit Genie - Jobs",Creditgenie,Ashby,completed,Not Enabled,No,3/13/2026,Senior DevOps Engineer,https://jobs.ashbyhq.com/creditgenie/2385c5a6-7f15-483e-9a30-2b8f66eb4a90
"Junior Software Engineer @ Mechanize, Inc. - Jobs",Mechanize,Ashby,completed,Not Enabled,No,3/13/2026,Senior DevOps Engineer,https://jobs.ashbyhq.com/mechanize/b50c89dc-001c-4fb6-a4fc-a9f52f35b490
Staff Software Engineer - Platform,Rippling,Rippling,completed,Not Enabled,No,3/13/2026,Senior DevOps Engineer,https://ats.rippling.com/rippling/jobs/e43f1aa9-4690-40ee-b147-a63e17a032b5
Software Engineer @ Valon Tech - Jobs,Valon,Ashby,completed,Not Enabled,No,3/13/2026,Senior DevOps Engineer,https://jobs.ashbyhq.com/Valon/495b5050-0d48-4ff7-ab21-2a6155d62658
Software Engineer - Enterprise Platform @ Baseten - Jobs,Baseten,Ashby,completed,Not Enabled,No,3/13/2026,Senior DevOps Engineer,https://jobs.ashbyhq.com/baseten/e2638fb0-15c8-4109-b7ee-70df1325885d/
Senior Software Engineer,Topdoglaw,Rippling,completed,Not Enabled,No,3/13/2026,Senior DevOps Engineer,https://ats.rippling.com/topdoglaw/jobs/a9f08fa8-0ed4-44ca-8841-b80ed83d9883
"Job Application for Software Engineer, DevOps at MNTN",Mntn,Greenhouse,completed,Not Enabled,No,3/13/2026,Senior DevOps Engineer,https://job-boards.greenhouse.io/mntn/jobs/7702345
"Senior Software Engineer, Backend Engineering - Greenhouse",Mavenclinic,Greenhouse,completed,Not Enabled,No,3/13/2026,Senior DevOps Engineer,http://job-boards.greenhouse.io/mavenclinic/jobs/7671109002
"Software Engineer, Meal Program (Remote) - Greenhouse",Ezcaterinc,Greenhouse,completed,Not Enabled,No,3/13/2026,Senior DevOps Engineer,https://job-boards.greenhouse.io/ezcaterinc/jobs/5070762007
Job Application for Staff Software Engineer at Obsidian Security,Obsidiansecurity,Greenhouse,completed,Not Enabled,No,3/13/2026,Senior DevOps Engineer,https://job-boards.greenhouse.io/obsidiansecurity/jobs/5152706008
Software Engineer,Bamboo Health Careers,Rippling,completed,Not Enabled,No,3/13/2026,Senior DevOps Engineer,https://ats.rippling.com/bamboo-health-careers/jobs/9f54b0ae-2b18-4f3d-90bc-3d2c4e83110e
"Senior Software Engineer, Automations",Plenful,Rippling,completed,Not Enabled,No,3/13/2026,Senior DevOps Engineer,https://ats.rippling.com/plenful/jobs/c947162d-90f1-43fa-af57-767f59aa3c68
Software Engineer @ Replit - Jobs,Replit,Ashby,completed,Not Enabled,No,3/13/2026,Senior DevOps Engineer,https://jobs.ashbyhq.com/replit/d5c36729-3c19-4d62-a72f-d8bdb6513f0e
Software Engineer @ Middesk - Jobs,Middesk,Ashby,completed,Not Enabled,No,3/13/2026,Senior DevOps Engineer,https://jobs.ashbyhq.com/middesk/e1c6af86-dce1-495f-a710-ad369fd1308c
"Job Application for Software Engineer, Backend at Robinhood",Robinhood,Greenhouse,completed,Not Enabled,No,3/13/2026,Senior DevOps Engineer,http://job-boards.greenhouse.io/robinhood/jobs/7263592?t=gh_src%3D
"Software Engineer II, Backend/Data Systems - Greenhouse",Amplitude,Greenhouse,completed,Not Enabled,No,3/13/2026,Senior DevOps Engineer,http://job-boards.greenhouse.io/amplitude/jobs/8316249002
Software Engineer @ Tandem,Tandem,Ashby,completed,Not Enabled,No,3/13/2026,Senior DevOps Engineer,https://jobs.ashbyhq.com/tandem/a7b0368a-97aa-4cd8-afbc-cae8e86dafb7
Senior Software Engineer,Pearl Inc,Rippling,completed,Not Enabled,No,3/13/2026,Senior DevOps Engineer,https://ats.rippling.com/pearl-inc/jobs/2495f658-dca5-489f-8e5f-2aa52037f7b7
Senior Software Engineer,Encamp,Rippling,completed,Not Enabled,No,3/13/2026,Senior DevOps Engineer,https://ats.rippling.com/encamp/jobs/97b2f4a8-fc39-4bd6-9bda-b9d88c111d65
Systems Engineer @ Substack - Jobs,Substack,Ashby,completed,Not Enabled,No,3/13/2026,Senior DevOps Engineer,https://jobs.ashbyhq.com/substack/d52a26fc-ca52-44d6-bfb4-9fac79e0631f
Software Engineer - New Grad (Summer 2026) @ Replit - Jobs,Replit,Ashby,completed,Not Enabled,No,3/13/2026,Senior DevOps Engineer,https://jobs.ashbyhq.com/replit/b5e81eae-06f9-4798-8988-2d06ca936dbc
"Software Engineer, AI Platform @ Harvey - Jobs",Harvey,Ashby,completed,Not Enabled,No,3/13/2026,Senior DevOps Engineer,https://jobs.ashbyhq.com/harvey/51fb953a-c494-4a09-8fe2-8d7268b863ec
Job Application for Data Architect - COM INGLÊS - Remoto at Capco,Capco,Greenhouse,completed,Not Enabled,No,3/13/2026,Senior DevOps Engineer,https://job-boards.greenhouse.io/capco/jobs/7674581
Job Application for Senior Network Solutions Engineer at New Era ...,Neweratech,Greenhouse,completed,Not Enabled,No,3/13/2026,Senior DevOps Engineer,https://job-boards.greenhouse.io/neweratech/jobs/8435637002?gh_src=jqkw5fz22us
Job Application for Senior Network Systems Architect at Ultragenyx ...,Ultragenyxpharmaceutical,Greenhouse,completed,Not Enabled,No,3/13/2026,Senior DevOps Engineer,https://job-boards.greenhouse.io/ultragenyxpharmaceutical/jobs/4669938005?gh_jid=4669938005
Job Application for Customer Success Engineer at Forward Networks,Forwardnetworks,Greenhouse,completed,Not Enabled,No,3/13/2026,Senior DevOps Engineer,https://job-boards.greenhouse.io/forwardnetworks/jobs/7617385003
Cloud Architect,Premiercloud,Rippling,completed,Not Enabled,No,3/13/2026,Senior DevOps Engineer,https://ats.rippling.com/en-US/premiercloud/jobs/75d9a880-0a7e-433d-b5f3-d7e43ff42bf9
"Senior RF/Comms System Engineer @ Apex Technology, Inc. - Jobs",Apex Technology Inc,Ashby,completed,Not Enabled,No,3/13/2026,Senior DevOps Engineer,https://jobs.ashbyhq.com/apex-technology-inc/c572a03a-18ba-4e06-bc72-57b4ead2b3bd?action=apply
"Software Engineer, Models @ Meter - Jobs",Meter,Ashby,completed,Not Enabled,No,3/13/2026,Senior DevOps Engineer,https://jobs.ashbyhq.com/meter/2589a80f-4754-4753-ad72-1396f01c2383
Principal/Staff HPC Network Engineer - Jobs,Sfcompute,Ashby,completed,Not Enabled,No,3/13/2026,Senior DevOps Engineer,https://jobs.ashbyhq.com/sfcompute/1b83badf-94ec-4563-88e9-bdae81e70626/application
"IT Engineer II @ Branch Financial, LLC - Jobs",Branchinsurance,Ashby,completed,Not Enabled,No,3/13/2026,Senior DevOps Engineer,https://jobs.ashbyhq.com/branchinsurance/e4040966-4ffe-4ff6-9d9f-850ae98f5011
Verdigris - Senior Embedded System Engineer - Lever,Verdigris,Lever,completed,Not Enabled,No,3/13/2026,Senior DevOps Engineer,https://jobs.lever.co/verdigris/5ada5113-de2f-40ac-a786-cc7ba75c96b6/apply
Job Application for Core Network Engineer at New Era Technology,Neweratech,Greenhouse,completed,Not Enabled,No,3/13/2026,Senior DevOps Engineer,https://job-boards.greenhouse.io/neweratech/jobs/8456938002
Job Application for Senior Network Engineer at Berkadia,Berkadia,Greenhouse,completed,Not Enabled,No,3/13/2026,Senior DevOps Engineer,http://job-boards.greenhouse.io/berkadia/jobs/7628507003
Senior Network Engineer - Corporate Enterprise Network (WAN),Agecareers,Greenhouse,completed,Not Enabled,No,3/13/2026,Senior DevOps Engineer,https://job-boards.greenhouse.io/agecareers/jobs/5135703008
Cloud Network Engineer @ Vizzia - Jobs,Vizzia,Ashby,completed,Not Enabled,No,3/13/2026,Senior DevOps Engineer,https://jobs.ashbyhq.com/vizzia/69e42965-a670-4101-8e30-6ed82854b217
Founding Infrastructure Engineer @ Savvy Wealth - Jobs,Savvy,Ashby,completed,Not Enabled,No,3/13/2026,Senior DevOps Engineer,https://jobs.ashbyhq.com/savvy/a78a5cf3-cd3e-48eb-a345-31b1857a0b20?embed=js
Infrastructure Engineer - Data Platform @ TypeSafe AI - Jobs,Typesafe Ai,Ashby,completed,Not Enabled,No,3/13/2026,Senior DevOps Engineer,https://jobs.ashbyhq.com/typesafe-ai/4da613b6-6d56-4e8d-8cc4-fad8ca57e4ce?utm_source=QLrx0vq4BW
Job Application for Infrastructure Engineer at MatX - Greenhouse,Matx,Greenhouse,completed,Not Enabled,No,3/13/2026,Senior DevOps Engineer,https://job-boards.greenhouse.io/matx/jobs/5136264008
Staff Infrastructure Engineer @ Fieldguide - Jobs,Fieldguide,Ashby,completed,Not Enabled,No,3/13/2026,Senior DevOps Engineer,https://jobs.ashbyhq.com/fieldguide/14c63171-94c5-4668-b692-689929cf0230
Infrastructure Engineer @ Solana Foundation - Jobs,Solana Foundation,Ashby,completed,Not Enabled,No,3/13/2026,Senior DevOps Engineer,https://jobs.ashbyhq.com/Solana%20Foundation/2ebcd8c8-15f3-4de8-974c-7a2d3a788a74
CAD HW-SW Infrastructure Engineer - Greenhouse,Efficientcomputer,Greenhouse,completed,Not Enabled,No,3/13/2026,Senior DevOps Engineer,https://job-boards.greenhouse.io/efficientcomputer/jobs/4147105009
Network Engineer II,Jmark Careers,Rippling,completed,Not Enabled,No,3/13/2026,Senior DevOps Engineer,https://ats.rippling.com/jmark-careers/jobs/d827a0a9-e319-4f33-ac50-e82ab086a64c
Network Engineer @ Cygnify - Jobs,Cygnify,Ashby,completed,Not Enabled,No,3/13/2026,Senior DevOps Engineer,https://jobs.ashbyhq.com/cygnify/9a23b260-d550-41e3-b280-9a43cf20b8c7
Senior Network Engineer - Huawei Certified (HCIE ) @ Cygnify - Jobs,Cygnify,Ashby,completed,Not Enabled,No,3/13/2026,Senior DevOps Engineer,https://jobs.ashbyhq.com/cygnify/dee17d55-a41a-41fc-b655-f5655c7f1732
Network Engineer IV – Fortinet/FortiSASE,Cbts,Rippling,completed,Not Enabled,No,3/13/2026,Senior DevOps Engineer,https://ats.rippling.com/cbts/jobs/0c599afe-e1a1-4e04-bbfd-cac0b6c30410
ME00547-Network Engineer,Momentumcareers,Rippling,completed,Not Enabled,No,3/13/2026,Senior DevOps Engineer,https://ats.rippling.com/momentumcareers/jobs/59d9f5fd-777f-48ff-9817-3549e3b53996?jobSite=LinkedIn
Job Application for Senior Network Engineer at Wilson Elser,Wilsonelser,Greenhouse,completed,Not Enabled,No,3/13/2026,Senior DevOps Engineer,https://job-boards.greenhouse.io/wilsonelser/jobs/5142242008
Job Application for (1357) Senior Site Reliability Engineer at Nortal,Nearsure,Greenhouse,completed,Not Enabled,No,3/12/2026,Senior DevOps Engineer,https://job-boards.greenhouse.io/nearsure/jobs/5061225007
CertifID - Senior Site Reliability Engineer - Lever,Certifid,Lever,completed,Not Enabled,No,3/12/2026,Senior DevOps Engineer,https://jobs.lever.co/certifid/ea61bb47-69b8-4777-ab3f-65057fe6c5a6/apply?lever-origin=applied&lever-source%5B%5D=Jobgether&utm_campaign=search&utm_medium=website
Senior DevOps Engineer @ Xero - Jobs,Xero,Ashby,completed,Not Enabled,No,3/12/2026,Senior DevOps Engineer,https://jobs.ashbyhq.com/xero/8f5f0e73-61b6-4bb2-b124-638417756eae
Job Application for Site Reliability Engineer at Remote Woman,Remotewoman,Greenhouse,completed,Not Enabled,No,3/12/2026,Senior DevOps Engineer,https://job-boards.greenhouse.io/remotewoman/jobs/8457355002
Job Application for Site Reliability Engineer (SRE) II at LivePerson,Liveperson,Greenhouse,completed,Not Enabled,No,3/12/2026,Senior DevOps Engineer,https://job-boards.greenhouse.io/liveperson/jobs/7645470
Site Reliability Engineer - Network Team @ Halter - Jobs,Halter,Ashby,completed,Not Enabled,No,3/12/2026,Senior DevOps Engineer,https://jobs.ashbyhq.com/halter/d77bb26d-d682-406f-b690-0cb71f15b38a
DevOps Engineer - AWS/Ansible/Linux/Python - Greenhouse,Captivation,Greenhouse,completed,Not Enabled,No,3/12/2026,Senior DevOps Engineer,https://job-boards.greenhouse.io/captivation/jobs/4694190008?gh_jid=4694190008
Job Application for Senior Site Reliability Engineer at Anaplan,Anaplan,Greenhouse,completed,Not Enabled,No,3/12/2026,Senior DevOps Engineer,https://job-boards.greenhouse.io/anaplan/jobs/8450221002
Sr DevOps Engineer (Contract) - Greenhouse,Sonyinteractiveentertainmentglobal,Greenhouse,completed,Not Enabled,No,3/12/2026,Senior DevOps Engineer,https://job-boards.greenhouse.io/sonyinteractiveentertainmentglobal/jobs/5799683004
Job Application for Associate Site Reliability Engineer at Anaplan,Anaplan,Greenhouse,completed,Not Enabled,No,3/12/2026,Senior DevOps Engineer,https://job-boards.greenhouse.io/anaplan/jobs/8450237002
Senior Infra/DevOps Engineer @ Tetrix - Jobs,Tetrix,Ashby,completed,Not Enabled,No,3/12/2026,Senior DevOps Engineer,https://jobs.ashbyhq.com/tetrix/d002e86d-6fba-4943-9970-5dc4b35b2c8f
Senior DevOps Engineer – Research Cloud & Scientific Computing ...,Septerna,Greenhouse,completed,Not Enabled,No,3/12/2026,Senior DevOps Engineer,https://job-boards.greenhouse.io/septerna/jobs/5128237008
Senior Cloud DevOps Engineer - AI @ Vizzia - Jobs,Vizzia,Ashby,completed,Not Enabled,No,3/12/2026,Senior DevOps Engineer,https://jobs.ashbyhq.com/vizzia/55085692-cdf2-42e0-924d-548d9e7e8d98
Senior Site Reliability Engineer @ Diagrid - Jobs,Diagrid,Ashby,completed,Not Enabled,No,3/12/2026,Senior DevOps Engineer,https://jobs.ashbyhq.com/Diagrid/9651e3d0-87ce-4418-aef7-adbfa3e5ed98
Sr. Devops Engineer AWS @ Megazone Cloud US - Jobs,Megazone,Ashby,completed,Not Enabled,No,3/12/2026,Senior DevOps Engineer,https://jobs.ashbyhq.com/megazone/17647053-08cd-4490-a1e1-4fe356bc6660
Senior Site Reliability Engineer @ HavocAI - Jobs,Havocai,Ashby,completed,Not Enabled,No,3/12/2026,Senior DevOps Engineer,https://jobs.ashbyhq.com/havocai/2b79c06e-ecc2-4da5-8fa7-79e16d30071d
Site Reliability Engineer @ ConductorOne - Jobs,Conductorone,Ashby,completed,Not Enabled,No,3/12/2026,Senior DevOps Engineer,https://jobs.ashbyhq.com/conductorone/c0b6051e-a00e-4267-b6ce-4f379df2f2fd
DevOps Engineer @ Starknet Foundation - Jobs,Starknetfoundation,Ashby,completed,Not Enabled,No,3/12/2026,Senior DevOps Engineer,https://jobs.ashbyhq.com/starknetfoundation/39e762db-8fd5-46da-b8da-6878ee087c5f
Job Application for Senior Site Reliability Engineer at Cognitiv,Cognitiv,Greenhouse,completed,Not Enabled,No,3/12/2026,Senior DevOps Engineer,https://job-boards.greenhouse.io/cognitiv/jobs/4179525009
Senior Site Reliability Engineer @ Heidi - Jobs,Heidihealth.com.au,Ashby,completed,Not Enabled,No,3/12/2026,Senior DevOps Engineer,https://jobs.ashbyhq.com/heidihealth.com.au/5a0d7a56-bfd0-443d-8123-29db65679a59
FS2 - DevOps Engineer (TS/SCI Clearance Required) - Greenhouse,Northpointtechnology,Greenhouse,completed,Not Enabled,No,3/12/2026,Senior DevOps Engineer,https://job-boards.greenhouse.io/northpointtechnology/jobs/8456207002
Job Application for DevOps Engineer at Bugcrowd - Greenhouse,Bugcrowd,Greenhouse,completed,Not Enabled,No,3/12/2026,Senior DevOps Engineer,https://job-boards.greenhouse.io/bugcrowd/jobs/7435721
Founding DevOps Engineer @ Perfect Venue - Jobs,Perfect Venue,Ashby,completed,Not Enabled,No,3/12/2026,Senior DevOps Engineer,https://jobs.ashbyhq.com/perfect-venue/50e12d7c-f7d0-4c0d-a8fe-12b545d2709f
Devops Engineer AWS @ Megazone Cloud US - Jobs,Megazone,Ashby,completed,Not Enabled,No,3/12/2026,Senior DevOps Engineer,https://jobs.ashbyhq.com/megazone/531410f6-2eba-4632-a5e0-536a2a4c14ee
Senior DevOps Engineer III,Radian Generation,Rippling,completed,Not Enabled,No,3/12/2026,Senior DevOps Engineer,https://ats.rippling.com/radian-generation/jobs/4c590f5b-ff76-40ad-b112-659950dee35c
Job Application for DevOps Engineer at Juvare - Greenhouse,Juvare,Greenhouse,completed,Not Enabled,No,3/12/2026,Senior DevOps Engineer,https://job-boards.greenhouse.io/juvare/jobs/4668287005
Infrastructure engineer - TENTENS Tech @ SKELAR - Jobs,Skelar,Ashby,completed,Not Enabled,No,3/12/2026,Senior DevOps Engineer,https://jobs.ashbyhq.com/SKELAR/3aea2afc-23c6-4c59-a753-4ae9d07844db
Job Application for Programmatic Cloud Engineer at RTB House,Rtbhouse,Greenhouse,completed,Not Enabled,No,3/12/2026,Senior DevOps Engineer,https://job-boards.greenhouse.io/rtbhouse/jobs/4803760101
Senior DevOps Engineer @ Datatonic - Jobs,Datatonic,Ashby,completed,Not Enabled,No,3/12/2026,Senior DevOps Engineer,https://jobs.ashbyhq.com/datatonic/ca46a9d1-8356-487f-a413-4d4b1e6ce5de
Senior Site Reliability Engineer- Remote - Greenhouse,Clickhouse,Greenhouse,completed,Not Enabled,No,3/12/2026,Senior DevOps Engineer,https://job-boards.greenhouse.io/clickhouse/jobs/5819754004
DevOps Engineer @ Pursuit - Jobs,Pursuit,Ashby,completed,Not Enabled,No,3/12/2026,Senior DevOps Engineer,https://jobs.ashbyhq.com/pursuit/b9f478e3-a09f-4ff6-8d07-07199665e4d6/application?embed=js
Job Application for Staff Site Reliability Engineer at YugabyteDB,Yugabyte,Greenhouse,completed,Not Enabled,No,3/12/2026,Senior DevOps Engineer,https://job-boards.greenhouse.io/yugabyte/jobs/4655998006
Job Application for Senior Site Reliability Engineer at SingleStore,Singlestore,Greenhouse,completed,Not Enabled,No,3/12/2026,Senior DevOps Engineer,https://job-boards.greenhouse.io/singlestore/jobs/7615006
Senior DevOps Engineer (6 month contract) - Greenhouse,Neuroflow,Greenhouse,completed,Not Enabled,No,3/12/2026,Senior DevOps Engineer,https://job-boards.greenhouse.io/neuroflow/jobs/7654902003
Job Application for Staff DevOps Engineer at Atomic Machines,Atomicmachines,Greenhouse,completed,Not Enabled,No,3/12/2026,Senior DevOps Engineer,https://job-boards.greenhouse.io/atomicmachines/jobs/4157920009
Site Reliability Engineer @ coreflow - Jobs,Coreflow,Ashby,completed,Not Enabled,No,3/12/2026,Senior DevOps Engineer,https://jobs.ashbyhq.com/coreflow/d3e1dd18-a41b-47f1-90b6-a35806523141
"Senior Manager, Site Reliability Engineer - Greenhouse",Eltropyinc,Greenhouse,completed,Not Enabled,No,3/12/2026,Senior DevOps Engineer,https://job-boards.greenhouse.io/eltropyinc/jobs/4147139009
Job Application for Senior Site Reliability Engineer at Braze,Braze,Greenhouse,completed,Not Enabled,No,3/12/2026,Senior DevOps Engineer,https://job-boards.greenhouse.io/braze/jobs/7602205
Job Application for DevOps Engineer at Kunai - Greenhouse,Kunai,Greenhouse,completed,Not Enabled,No,3/12/2026,Senior DevOps Engineer,https://job-boards.greenhouse.io/kunai/jobs/5062855007
Job Application for Site Reliability Engineer II at Dataiku - Greenhouse,Dataiku,Greenhouse,completed,Not Enabled,No,3/12/2026,Senior DevOps Engineer,https://job-boards.greenhouse.io/dataiku/jobs/5822117004
Job Application for Senior Site Reliability Engineer at AppOmni,Appomni,Greenhouse,completed,Not Enabled,No,3/12/2026,Senior DevOps Engineer,https://job-boards.greenhouse.io/appomni/jobs/5804376004
Job Application for DevOps Engineer at Anduril Industries,Andurilindustries,Greenhouse,completed,Not Enabled,No,3/12/2026,Senior DevOps Engineer,http://job-boards.greenhouse.io/andurilindustries/jobs/5039332007?gh_jid=5039332007
Senior DevOps / Site Reliability Engineer - Jobs,Ndeavour,Ashby,completed,Not Enabled,No,3/12/2026,Senior DevOps Engineer,https://jobs.ashbyhq.com/ndeavour/091525a4-bdbc-4703-92b9-3e2568d27555
Infrastructure & DevOps Engineer @ Raiku - Jobs,Raiku,Ashby,completed,Not Enabled,No,3/9/2026,Senior DevOps Engineer,https://jobs.ashbyhq.com/raiku/bc6fd709-fa74-48e3-82fd-57fe1e0e32ff
Site Reliability Engineer @ Axiom - Jobs,Axiom Co,Ashby,completed,Not Enabled,No,3/9/2026,Senior DevOps Engineer,https://jobs.ashbyhq.com/axiom-co/b14e9afa-1cca-47ae-baa3-32438719604d?utm_source=R5MjyAwO7W
"Job Application for Lead Site Reliability Engineer at Intellum, Inc.",Intelluminc,Greenhouse,completed,Not Enabled,No,3/9/2026,Senior DevOps Engineer,https://job-boards.greenhouse.io/intelluminc/jobs/5072036008
Senior Systems Engineer - Infrastructure & Platform Reliability - Jobs,Lambda,Ashby,completed,Not Enabled,No,3/9/2026,Senior DevOps Engineer,https://jobs.ashbyhq.com/Lambda/c79ffbf7-0d1c-445c-9942-038d4ef81dfb
Site Reliability Engineer - Data Platform @ Kraken - Jobs,Kraken.com,Ashby,completed,Not Enabled,No,3/9/2026,Senior DevOps Engineer,https://jobs.ashbyhq.com/kraken.com/ab20fa04-94c9-46b0-b736-d9078ba24bcc
DevOps Engineer @ SGNL.ai - Jobs,Sgnlai,Ashby,completed,Not Enabled,No,3/9/2026,Senior DevOps Engineer,https://jobs.ashbyhq.com/sgnlai/47e2b427-1cff-4c66-b419-06aaedd2a875
Site Reliability Engineer (SRE) @ Baseten - Jobs,Baseten,Ashby,completed,Not Enabled,No,3/9/2026,Senior DevOps Engineer,https://jobs.ashbyhq.com/baseten/916e9d62-492a-4562-971f-3e97e3868392/
"Site Reliability Engineer, US Gov @ Quindar - Jobs",Quindar,Ashby,completed,Not Enabled,No,3/9/2026,Senior DevOps Engineer,https://jobs.ashbyhq.com/quindar/488886c2-a8d1-4d5f-872f-14188925fe78
Job Application for Senior Site Reliability Engineer at Ping Identity,Pingidentity,Greenhouse,completed,Not Enabled,No,3/9/2026,Senior DevOps Engineer,https://job-boards.greenhouse.io/pingidentity/jobs/8414872002
Staff Site Reliability Engineer @ Assured - Jobs,Assured,Ashby,completed,Not Enabled,No,3/9/2026,Senior DevOps Engineer,https://jobs.ashbyhq.com/assured/5a24af9b-c275-469e-bb8d-e99520a02378
Senior Full-Stack Real-Time Systems Engineer @ Tradeify - Jobs,Tradeify,Ashby,completed,Not Enabled,No,3/9/2026,Senior DevOps Engineer,https://jobs.ashbyhq.com/tradeify/b92845c6-a29a-4cb1-8262-eac1a0eebe56
Infra/DevOps Engineer @ Maze - Jobs,Mazehq,Ashby,completed,Not Enabled,No,3/9/2026,Senior DevOps Engineer,https://jobs.ashbyhq.com/mazehq/d366a1a7-33bf-4aba-be9e-4dd433ac572c
Senior DevOps Engineer,Adelaide,Rippling,completed,Not Enabled,No,3/9/2026,Senior DevOps Engineer,https://ats.rippling.com/en-US/adelaide/jobs/fa2b0a88-a297-4032-8fde-20238e3a2ec1
"Network Systems Engineer (5016) (US, DC, Tampa, San Antonio ...",Outsideanalytics,Greenhouse,completed,Not Enabled,No,3/9/2026,Senior DevOps Engineer,https://job-boards.greenhouse.io/outsideanalytics/jobs/7617389003
"Senior Site Reliability Engineer, Hawaii @ Onebrief - Jobs",Onebrief,Ashby,completed,Not Enabled,No,3/9/2026,Senior DevOps Engineer,https://jobs.ashbyhq.com/onebrief/fb525692-03a2-4043-9b39-31235c5cdb18
Job Application for Site Reliability Engineer - Cybersecurity at xAI,Xai,Greenhouse,completed,Not Enabled,No,3/9/2026,Senior DevOps Engineer,http://job-boards.greenhouse.io/xai/jobs/4803447007
Senior Systems Engineer - Development Infrastructure - Greenhouse,Dragos,Greenhouse,completed,Not Enabled,No,3/9/2026,Senior DevOps Engineer,https://job-boards.greenhouse.io/dragos/jobs/4986056008
Job Application for Site Reliability Engineer III at onX - Greenhouse,Onxmaps,Greenhouse,completed,Not Enabled,No,3/9/2026,Senior DevOps Engineer,https://job-boards.greenhouse.io/onxmaps/jobs/4654152006
Job Application for Sr. Site Reliability Engineer (SRE) at Moonlite,Moonlite,Greenhouse,completed,Not Enabled,No,3/9/2026,Senior DevOps Engineer,https://job-boards.greenhouse.io/moonlite/jobs/4971694008
Job Application for Senior Site Reliability Engineer at Tekmetric,Tekmetric,Greenhouse,completed,Not Enabled,No,3/9/2026,Senior DevOps Engineer,https://job-boards.greenhouse.io/tekmetric/jobs/5580661004
Job Application for Staff Site Reliability Engineer at Blink Health,Blinkhealth,Greenhouse,completed,Not Enabled,No,3/9/2026,Senior DevOps Engineer,https://job-boards.greenhouse.io/blinkhealth/jobs/8401065002
Site Reliability Engineer @ EngFlow - Jobs,Engflow,Ashby,completed,Not Enabled,No,3/9/2026,Senior DevOps Engineer,https://jobs.ashbyhq.com/engflow/6d2bb158-497c-4c6c-997b-34ded1e62812
Distributed Systems Engineer @ Moment Technology - Jobs,Moment,Ashby,completed,Not Enabled,No,3/9/2026,Senior DevOps Engineer,https://jobs.ashbyhq.com/moment/b13c29c2-fe72-4055-86c8-fa8efbae416f?utm_source=AxOlZkrLl7
Site Reliability Engineer @ Polygon Labs - Jobs,Polygon Labs,Ashby,completed,Not Enabled,No,3/9/2026,Senior DevOps Engineer,https://jobs.ashbyhq.com/polygon-labs/7b4511cc-51ce-49d9-aa12-da2a232593a5
Job Application for Site Reliability Engineer (SRE) at PeopleFinders,Peoplefinders,Greenhouse,completed,Not Enabled,No,3/9/2026,Senior DevOps Engineer,https://job-boards.greenhouse.io/peoplefinders/jobs/5062627007
Senior Development Operations (DevOps) Engineer - Greenhouse,Yipitdata,Greenhouse,completed,Not Enabled,No,3/9/2026,Senior DevOps Engineer,https://job-boards.greenhouse.io/yipitdata/jobs/3947698
Site Reliability Engineer | Curve Dental Careers,Curve Dental,Rippling,completed,Not Enabled,No,3/9/2026,Senior DevOps Engineer,https://ats.rippling.com/curve-dental/jobs/78d06cab-a3e8-4f90-b4d8-3306146c9803?jobSite=Indeed
Site Reliability Engineer @ Mercor - Jobs,Mercor,Ashby,completed,Not Enabled,No,3/9/2026,Senior DevOps Engineer,https://jobs.ashbyhq.com/mercor/101b679b-3ae8-4742-bc2e-4b5ee93f025a
Senior DevOps Engineer @ Flashbots - Jobs,Flashbots.net,Ashby,completed,Not Enabled,No,3/9/2026,Senior DevOps Engineer,https://jobs.ashbyhq.com/flashbots.net/8fa82d12-baef-4f95-86af-a8354af820d8
Systems Engineer III - Design,Smart Tech Contracting,Rippling,completed,Not Enabled,No,3/9/2026,Senior DevOps Engineer,https://ats.rippling.com/smart-tech-contracting/jobs/29820d71-15a7-46f6-ba70-0db134b30418
"Sr. Site Reliability Engineer, Security - Greenhouse",Centralreach,Greenhouse,completed,Not Enabled,No,3/9/2026,Senior DevOps Engineer,https://job-boards.greenhouse.io/centralreach/jobs/4115009009
Job Application for Site Reliability Engineer II at OpenTable,Opentable,Greenhouse,completed,Not Enabled,No,3/9/2026,Senior DevOps Engineer,https://job-boards.greenhouse.io/opentable/jobs/8374275002
Senior DevOps Engineer (CloudInfra) - Greenhouse,Evolutioniq,Greenhouse,completed,Not Enabled,No,3/9/2026,Senior DevOps Engineer,https://job-boards.greenhouse.io/evolutioniq/jobs/5711148004
Sr. Distributed Systems Engineer @ Archil - Jobs,Archil,Ashby,completed,Not Enabled,No,3/9/2026,Senior DevOps Engineer,https://jobs.ashbyhq.com/archil/5c1f5a52-ba70-4afb-888e-4e69e2a807e6
Principal Distributed Systems Engineer - Greenhouse,Arcesiumllc,Greenhouse,completed,Not Enabled,No,3/9/2026,Senior DevOps Engineer,https://job-boards.greenhouse.io/arcesiumllc/jobs/4603185007
Staff DevOps Engineer,Netwrix Corporation,Rippling,completed,Not Enabled,No,3/9/2026,Senior DevOps Engineer,https://ats.rippling.com/netwrix-corporation/jobs/6e6314aa-8763-4f30-840c-7c4444f27a69
Distributed Systems Engineer @ e2b - Jobs,E2b,Ashby,completed,Not Enabled,No,3/9/2026,Senior DevOps Engineer,https://jobs.ashbyhq.com/e2b/7a519242-1a05-40e7-abd4-b8813b804a00
Distributed Systems Engineer @ Axiom - Jobs,Axiom,Ashby,completed,Not Enabled,No,3/9/2026,Senior DevOps Engineer,https://jobs.ashbyhq.com/axiom/3f411517-8eaa-4136-bd4e-9b342b3a79b6
Senior Distributed Systems Engineer @ Unit - Jobs,Unit,Ashby,completed,Not Enabled,No,3/9/2026,Senior DevOps Engineer,https://jobs.ashbyhq.com/unit/b84476f7-4264-4ce9-9ed2-713d3c18c164
Senior Site Reliability Engineer - LATAM - Greenhouse,Enumerate,Greenhouse,completed,Not Enabled,No,3/9/2026,Senior DevOps Engineer,https://job-boards.greenhouse.io/enumerate/jobs/4130103009
Distributed Systems Engineer @ Krea - Jobs,Krea,Ashby,completed,Not Enabled,No,3/9/2026,Senior DevOps Engineer,https://jobs.ashbyhq.com/krea/7bc2cb66-2abd-4ac7-abd1-7db09baef07c
Distributed Systems Engineer,Tensorlake,Rippling,completed,Not Enabled,No,3/9/2026,Senior DevOps Engineer,https://ats.rippling.com/tensorlake/jobs/41b112cc-1dd9-45f0-8cc0-9e0e122ae281?weekdayJdUid=2567307
Job Application for DevOps Engineer IV (Obs) at Jumio - Greenhouse,Jumio,Greenhouse,completed,Not Enabled,No,3/9/2026,Senior DevOps Engineer,https://job-boards.greenhouse.io/jumio/jobs/4640303005
Senior / Staff Site Reliability Engineer @ Radar - Jobs,Radar,Ashby,completed,Not Enabled,No,3/9/2026,Senior DevOps Engineer,https://jobs.ashbyhq.com/radar/316f1d73-c4a6-48a3-b6f8-789acbb6147e
"Distributed Systems Engineer - Data Platform (Delivery, Database ...",Cloudflare,Greenhouse,completed,Not Enabled,No,3/9/2026,Senior DevOps Engineer,https://job-boards.greenhouse.io/cloudflare/jobs/7462801?gh_jid=7462801
Senior Site Reliability Engineer - LATAM at Enumerate - Greenhouse,Enumerate,Greenhouse,completed,Not Enabled,No,3/9/2026,Senior DevOps Engineer,https://job-boards.greenhouse.io/enumerate/jobs/4106217009
Job Application for Distributed Systems Engineer at Moment,Momentmarkets,Greenhouse,completed,Not Enabled,No,3/9/2026,Senior DevOps Engineer,http://job-boards.greenhouse.io/momentmarkets/jobs/4748121007
Job Application for Senior DevOps Engineer at Striveworks,Striveworks,Greenhouse,completed,Not Enabled,No,3/9/2026,Senior DevOps Engineer,https://job-boards.greenhouse.io/striveworks/jobs/6589739003
Job Application for Senior Site Reliability Engineer at Circle.so,Circleso,Greenhouse,completed,Not Enabled,No,3/9/2026,Senior DevOps Engineer,https://job-boards.greenhouse.io/circleso/jobs/4961374008
Site Reliability Engineer Expression of Interest Form - Greenhouse,Gitlabcrm,Greenhouse,completed,Not Enabled,No,3/9/2026,Senior DevOps Engineer,https://job-boards.greenhouse.io/gitlabcrm/jobs/8098464002
Site Reliability Engineer (USA Only - 100% Remote) @ Close - Jobs,Close,Ashby,completed,Not Enabled,No,3/9/2026,Senior DevOps Engineer,https://jobs.ashbyhq.com/Close/6610824b-2d94-4071-90e0-bafc3b078870?embed=js
Job Application for DevOps Engineer (Systems Focus) at Elligint ...,Elliginthealth,Greenhouse,completed,Not Enabled,No,3/9/2026,Senior DevOps Engineer,https://job-boards.greenhouse.io/elliginthealth/jobs/8454433002
Job Application for Staff Distributed Systems Engineer - Greenhouse,Webflow,Greenhouse,completed,Not Enabled,No,3/9/2026,Senior DevOps Engineer,https://job-boards.greenhouse.io/webflow/jobs/7630474
Job Application for Site Reliability Engineer at StarTree - Greenhouse,Startree,Greenhouse,completed,Not Enabled,No,3/9/2026,Senior DevOps Engineer,https://job-boards.greenhouse.io/startree/jobs/5073692004
Job Application for Staff DevOps Engineer at Life360 - Greenhouse,Life360,Greenhouse,completed,Not Enabled,No,3/9/2026,Senior DevOps Engineer,http://job-boards.greenhouse.io/life360/jobs/8375358002
Job Application for Site Reliability Engineer at D3 - Greenhouse,D3,Greenhouse,completed,Not Enabled,No,3/9/2026,Senior DevOps Engineer,https://job-boards.greenhouse.io/d3/jobs/5071290008
Staff Site Reliability Engineer @ Replit - Jobs,Replit,Ashby,completed,Not Enabled,No,3/9/2026,Senior DevOps Engineer,https://jobs.ashbyhq.com/replit/d50ad15b-82d4-452f-b4ea-2a7f5e796170
Site Reliability Engineer - Remote @ Parity - Jobs,Parity,Ashby,completed,Not Enabled,No,3/9/2026,Senior DevOps Engineer,https://jobs.ashbyhq.com/parity/c49f457f-1d3f-4e1e-a7a6-4c8f279cb03f
"Job Application for Sr. Site Reliability Engineer at Globality, Inc.",Globalityinc,Greenhouse,completed,Not Enabled,No,3/9/2026,Senior DevOps Engineer,https://job-boards.greenhouse.io/globalityinc/jobs/8424979002
SRE / DevOps Engineer @ Kraken - Jobs,Kraken.com,Ashby,completed,Not Enabled,No,3/9/2026,Senior DevOps Engineer,https://jobs.ashbyhq.com/kraken.com/0e512814-a14c-4ea7-8391-7d1c3e540bb9
Job Application for DevOps/Site Reliability Engineer (SRE) at Elligint ...,Elliginthealth,Greenhouse,completed,Not Enabled,No,3/9/2026,Senior DevOps Engineer,http://job-boards.greenhouse.io/elliginthealth/jobs/8297566002
Site Reliability Engineer - US - Remote @ HomeVision - Jobs,Homevision,Ashby,completed,Not Enabled,No,3/9/2026,Senior DevOps Engineer,https://jobs.ashbyhq.com/homevision/2d45f031-69d9-4999-8e36-70a51365603f
Site Reliability Engineer @ WorkOS - Jobs,Workos,Ashby,completed,Not Enabled,No,3/9/2026,Senior DevOps Engineer,https://jobs.ashbyhq.com/workos/cff5a16f-fd1c-4b64-9b66-8a8321122375
Job Application for Senior Azure Architect at AgWest Farm Credit,Agwestfarmcredit,Greenhouse,completed,Not Enabled,No,3/9/2026,Senior DevOps Engineer,https://job-boards.greenhouse.io/agwestfarmcredit/jobs/4121404009
CI&T - [Job-27723] Software Architect | Brazil - Lever,Ciandt,Lever,completed,Not Enabled,No,3/9/2026,Senior DevOps Engineer,https://jobs.lever.co/ciandt/2404e268-09ac-444d-a462-d68250c687ea
Sales Director - Federal Civilian @ Flashpoint - Jobs,Flashpoint.io,Ashby,completed,Not Enabled,No,3/9/2026,Senior DevOps Engineer,https://jobs.ashbyhq.com/flashpoint.io/4f50befb-2c32-45ff-816c-d294c2fc2f41
Shopify POS Launch Lead @ Lazer - Jobs,Lazer,Ashby,completed,Not Enabled,No,3/9/2026,Senior DevOps Engineer,https://jobs.ashbyhq.com/lazer/0d53f833-0e78-4bac-b1ae-0ebe40f605b7
Systems Engineer - SaaS @ Tessera Labs - Jobs,Tessera Labs,Ashby,completed,Not Enabled,No,3/9/2026,Senior DevOps Engineer,https://jobs.ashbyhq.com/tessera-labs/7a6a3c7f-5ffc-4134-87f7-743820b41ca5
Senior Software Architect - Thousand Oaks - Greenhouse,Techholding,Greenhouse,completed,Not Enabled,No,3/9/2026,Senior DevOps Engineer,https://job-boards.greenhouse.io/techholding/jobs/4664018005
Data Engineering Lead @ Future Works - Jobs,Futureworks,Ashby,completed,Not Enabled,No,3/9/2026,Senior DevOps Engineer,https://jobs.ashbyhq.com/futureworks/c6cad760-1087-4257-a1eb-70543e4650aa
Job Application for Federal Solution Architect at Mattermost,Mattermost,Greenhouse,completed,Not Enabled,No,3/9/2026,Senior DevOps Engineer,https://job-boards.greenhouse.io/mattermost/jobs/5138957008
Manager of DevOps & Security @ Tunnl - Jobs,Tunnl,Ashby,completed,Not Enabled,No,3/9/2026,Senior DevOps Engineer,https://jobs.ashbyhq.com/tunnl/1bbb8f58-ecda-4a75-93c2-ea383c3bfc36?utm_source=XWZ0NEqNPd
Software Architect (.NET / Angular) – GovTech SaaS | DR @ Truelogic,Truelogic,Ashby,completed,Not Enabled,No,3/9/2026,Senior DevOps Engineer,https://jobs.ashbyhq.com/truelogic/566dac35-f317-41bd-9d19-75f942dc88a9
"Senior Manager, Revenue Cycle Solutions Engineering - Greenhouse",Smarterdx,Greenhouse,completed,Not Enabled,No,3/9/2026,Senior DevOps Engineer,https://job-boards.greenhouse.io/smarterdx/jobs/5055204007
Job Application for Solutions Architect at Adyen - Greenhouse,Adyen,Greenhouse,completed,Not Enabled,No,3/9/2026,Senior DevOps Engineer,https://job-boards.greenhouse.io/adyen/jobs/7626028
"Job Application for Sr Field Engineer at Striim, Inc. - Greenhouse",Striiminc,Greenhouse,completed,Not Enabled,No,3/9/2026,Senior DevOps Engineer,https://job-boards.greenhouse.io/striiminc/jobs/5055534007
Software Architect (.NET / Angular) – GovTech SaaS | Mexico - Jobs,Truelogic,Ashby,completed,Not Enabled,No,3/9/2026,Senior DevOps Engineer,https://jobs.ashbyhq.com/truelogic/9f894cba-ba8a-4bc0-acdf-762f50d370ad
CMMC Advisory Consultant @ Fortreum - Jobs,Fortreum,Ashby,completed,Not Enabled,No,3/9/2026,Senior DevOps Engineer,https://jobs.ashbyhq.com/fortreum/a60876b9-8f68-4652-b4ab-533ef9fe9c7a
Sr. Strategic Customer Success Engineer - Greenhouse,Fossainc,Greenhouse,completed,Not Enabled,No,3/9/2026,Senior DevOps Engineer,https://job-boards.greenhouse.io/fossainc/jobs/7653827003
Technical Account Manager @ Clerk - Jobs,Clerk,Ashby,completed,Not Enabled,No,3/9/2026,Senior DevOps Engineer,https://jobs.ashbyhq.com/Clerk/cc13322d-892c-4fec-bf9f-07dc605343b3
Job Application for DevSecOps Engineer III at Kapitus - Greenhouse,Kapitus,Greenhouse,completed,Not Enabled,No,3/9/2026,Senior DevOps Engineer,https://job-boards.greenhouse.io/kapitus/jobs/4163928009
Senior Technical Product Manager – APIs & Platform - Greenhouse,Securitize,Greenhouse,completed,Not Enabled,No,3/9/2026,Senior DevOps Engineer,https://job-boards.greenhouse.io/securitize/jobs/4173657009
"Solutions Architect Team Lead, EMEA @ Semperis - Jobs",Semperis,Ashby,completed,Not Enabled,No,3/9/2026,Senior DevOps Engineer,https://jobs.ashbyhq.com/semperis/1a14c991-1af2-474e-8a3d-6634f4b8f66a
Cloud Security Architect (Treasury),Iberia Advisory,Rippling,completed,Not Enabled,No,3/9/2026,Senior DevOps Engineer,https://ats.rippling.com/iberia-advisory/jobs/80a92b4e-452b-48b7-8ec8-81d325a3a969
Job Application for Solutions Architect at Vercel - Greenhouse,Vercel,Greenhouse,completed,Not Enabled,No,3/9/2026,Senior DevOps Engineer,https://job-boards.greenhouse.io/vercel/jobs/5806749004
Software Architect (.NET / Angular) – GovTech SaaS | Latam - Jobs,Truelogic,Ashby,completed,Not Enabled,No,3/9/2026,Senior DevOps Engineer,https://jobs.ashbyhq.com/truelogic/e574ffe9-515e-48d2-80a6-88cc6e0f9b23
"Job Application for Sr. Technical Project Manager at CloudWerx, Inc.",Cloudwerxinc,Greenhouse,completed,Not Enabled,No,3/9/2026,Senior DevOps Engineer,https://job-boards.greenhouse.io/cloudwerxinc/jobs/5050417007
Software Engineer - AI Trainer @ 10x Team - Jobs,10xteam,Ashby,completed,Not Enabled,No,3/9/2026,Senior DevOps Engineer,https://jobs.ashbyhq.com/10xteam/e366ee35-738b-46dd-9b1b-d3571d0117c5
"Solutions Architect Team Lead, EMEA @ Semperis - Jobs",Semperis,Ashby,completed,Not Enabled,No,3/9/2026,Senior DevOps Engineer,https://jobs.ashbyhq.com/semperis/67908473-5335-4729-91fd-011c2d61359a
Job Application for Salesforce Agentforce Architect (Technical ...,Neuraflash,Greenhouse,completed,Not Enabled,No,3/9/2026,Senior DevOps Engineer,https://job-boards.greenhouse.io/neuraflash/jobs/5817193004
"Software Architect, Hexagate @ Chainalysis - Jobs",Chainalysis Careers,Ashby,completed,Not Enabled,No,3/9/2026,Senior DevOps Engineer,https://jobs.ashbyhq.com/chainalysis-careers/2fdfc4d9-98f9-4697-8a68-5135d2d6c967
Job Application for Commercial Account Executive at Runway,Runwayml,Greenhouse,completed,Not Enabled,No,3/9/2026,Senior DevOps Engineer,https://job-boards.greenhouse.io/runwayml/jobs/4667067005
"Job Application for Manager, Solutions Architect at Axon - Greenhouse",Axon,Greenhouse,completed,Not Enabled,No,3/9/2026,Senior DevOps Engineer,https://job-boards.greenhouse.io/axon/jobs/7651705003?gh_jid=7651705003
"Software Architect (Product Architecture, JetBrains Cloud Platform)",Jetbrains,Greenhouse,completed,Not Enabled,No,3/9/2026,Senior DevOps Engineer,https://job-boards.greenhouse.io/jetbrains/jobs/4787910101
Software Architect @ KAYAK - Jobs,Kayak,Ashby,completed,Not Enabled,No,3/9/2026,Senior DevOps Engineer,https://jobs.ashbyhq.com/kayak/151669ff-d6b1-410e-9f21-b2388ece2308
"Software Architect (Platform Architecture, JetBrains Cloud Platform)",Jetbrains,Greenhouse,completed,Not Enabled,No,3/9/2026,Senior DevOps Engineer,https://job-boards.greenhouse.io/jetbrains/jobs/4785398101
Embedded Software Architect (C/C++) (f/m/d) @ Munich Electrification,Munich Electrification,Ashby,completed,Not Enabled,No,3/9/2026,Senior DevOps Engineer,https://jobs.ashbyhq.com/munich-electrification/5b6595f3-389f-401e-b308-c8f6ae49ddb6?embed=js
"Customer Solutions Architect, Manager (Dublin) - Greenhouse",Dbtlabsinc,Greenhouse,completed,Not Enabled,No,3/9/2026,Senior DevOps Engineer,https://job-boards.greenhouse.io/dbtlabsinc/jobs/4669953005
Job Application for Sr. Technical Solutions Architect at Addepar,Addepar1,Greenhouse,completed,Not Enabled,No,3/9/2026,Senior DevOps Engineer,https://job-boards.greenhouse.io/addepar1/jobs/8435483002
Solutions Architect - EMEA @ Omni - Jobs,Omni,Ashby,completed,Not Enabled,No,3/9/2026,Senior DevOps Engineer,https://jobs.ashbyhq.com/omni/a8bd2f3e-628e-494d-8014-7df1cfbe1752
"Job Application for Salesforce Technical Architect, GTM at Cresta",Cresta,Greenhouse,completed,Not Enabled,No,3/9/2026,Senior DevOps Engineer,https://job-boards.greenhouse.io/cresta/jobs/5142008008
"Software Architect, Automotive Robotics - Greenhouse",Tenstorrent,Greenhouse,completed,Not Enabled,No,3/9/2026,Senior DevOps Engineer,https://job-boards.greenhouse.io/tenstorrent/jobs/5066649007
Job Application for Solutions Architect at MNTN - Greenhouse,Mntn,Greenhouse,completed,Not Enabled,No,3/9/2026,Senior DevOps Engineer,https://job-boards.greenhouse.io/mntn/jobs/7611483
Senior Enterprise Solutions Architect - East Coast @ Drata - Jobs,Drata,Ashby,completed,Not Enabled,No,3/9/2026,Senior DevOps Engineer,https://jobs.ashbyhq.com/drata/8c207295-f595-4d2c-900e-b421cb4e831a
Principal Engineer - AI Trainer - Freelance - 8-20hrs/week - Remote,10xteam,Ashby,completed,Not Enabled,No,3/9/2026,Senior DevOps Engineer,https://jobs.ashbyhq.com/10xteam/b9682970-941a-484b-b193-3df0c3db36c7
Software Architect (.NET / Angular) – GovTech SaaS | Brazil - Jobs,Truelogic,Ashby,completed,Not Enabled,No,3/9/2026,Senior DevOps Engineer,https://jobs.ashbyhq.com/truelogic/34d84d03-85df-4d4f-a21a-9aa9c35c1059
Principal Software Architect @ HackerOne - Jobs,Hackerone,Ashby,completed,Not Enabled,No,3/9/2026,Senior DevOps Engineer,https://jobs.ashbyhq.com/hackerone/bea161d1-19ab-4fab-a26b-2be5b0156183
Senior NetSuite Administrator - Solutions Architect (Remote- US),Nextech,Lever,completed,Not Enabled,No,3/9/2026,Senior DevOps Engineer,https://jobs.lever.co/nextech/c2aee6b9-dd8f-4232-b4e4-850bdd5f22b1/apply?lever-origin=applied&lever-source%5B%5D=BuiltInNationwide
Job Application for Customer Solutions Architect (Austin) at dbt Labs,Dbtlabsinc,Greenhouse,completed,Not Enabled,No,3/9/2026,Senior DevOps Engineer,https://job-boards.greenhouse.io/dbtlabsinc/jobs/4664399005
Curricular Solutions Architect @ Brisk Teaching - Jobs,Brisk Teaching,Ashby,completed,Not Enabled,No,3/9/2026,Senior DevOps Engineer,https://jobs.ashbyhq.com/brisk-teaching/d34c80eb-c8bd-41bf-9959-807ab27ed0a0
Solutions Architect (APAC) @ XBOW - Jobs,Xbowcareers,Ashby,completed,Not Enabled,No,3/9/2026,Senior DevOps Engineer,https://jobs.ashbyhq.com/xbowcareers/cc7ca4df-dea6-4b8f-b52f-6451e2419d2a
"Solutions Architect, Enterprise @ Vanta - Jobs",Vanta,Ashby,completed,Not Enabled,No,3/9/2026,Senior DevOps Engineer,https://jobs.ashbyhq.com/vanta/f2e566b6-c1f0-46bd-892b-d90962b30b8b/application?fbclid=IwAR3pjA9chmFApP1RLGPXRwGZf7hwfkDprwH1d5nXTdBnMr1QaDl7Orz8P9o&utm_source=substack&utm_medium=email
"Job Application for Senior Manager, Solutions Architect at Webflow",Webflow,Greenhouse,completed,Not Enabled,No,3/9/2026,Senior DevOps Engineer,https://job-boards.greenhouse.io/webflow/jobs/7688533
Cloud Architect - AI Trainer - Freelance - 8-20hrs/week - Remote,10xteam,Ashby,completed,Not Enabled,No,3/9/2026,Senior DevOps Engineer,https://jobs.ashbyhq.com/10xteam/dee6dd00-1420-4d87-8afb-eeb4255ddd4c
"Staff Solutions Architect, Growth - San Francisco - Greenhouse",Temporaltechnologies,Greenhouse,completed,Not Enabled,No,3/9/2026,Senior DevOps Engineer,https://job-boards.greenhouse.io/temporaltechnologies/jobs/5071974007
Job Application for Solutions Architect at InterWorks - Greenhouse,Interworks,Greenhouse,completed,Not Enabled,No,3/9/2026,Senior DevOps Engineer,https://job-boards.greenhouse.io/interworks/jobs/4656900006
Job Application for Solutions Architect - San Francisco at GitLab,Gitlab,Greenhouse,completed,Not Enabled,No,3/9/2026,Senior DevOps Engineer,https://job-boards.greenhouse.io/gitlab/jobs/8396705002
Fallback Stack at Applied Intuition - Software Architect - Greenhouse,Appliedintuition,Greenhouse,completed,Not Enabled,No,3/9/2026,Senior DevOps Engineer,https://job-boards.greenhouse.io/appliedintuition/jobs/4666731005
Software Architect - AI Trainer - Freelance - 8-20hrs/week - Remote,10xteam,Ashby,completed,Not Enabled,No,3/9/2026,Senior DevOps Engineer,https://jobs.ashbyhq.com/10xteam/cf3c449d-0a87-46f8-b0a8-c274a01fe7d4
Principal Software Engineer @ Motion - Jobs,Motion,Ashby,completed,Not Enabled,No,3/8/2026,Senior DevOps Engineer,https://jobs.ashbyhq.com/motion/7355e80d-dab2-4ba1-89cc-a0197e08a83c
"Senior Software Engineer, Full Stack @ Office Hours - Jobs",Office Hours,Ashby,completed,Not Enabled,No,3/8/2026,Senior DevOps Engineer,https://jobs.ashbyhq.com/office-hours/f9e9f476-100b-4d86-b362-41c82388e66d
Job Application for Senior Software Engineer at Rentable,Abodo,Greenhouse,completed,Not Enabled,No,3/8/2026,Senior DevOps Engineer,http://job-boards.greenhouse.io/abodo/jobs/7001538
Senior Software Engineer @ Kong - Jobs,Kong,Ashby,completed,Not Enabled,No,3/8/2026,Senior DevOps Engineer,https://jobs.ashbyhq.com/kong/eb682881-45ff-41c1-af6c-34b9652123ec
Senior Software Engineer (Full Stack) @ Counsel Health,Counsel,Ashby,completed,Not Enabled,No,3/8/2026,Senior DevOps Engineer,https://jobs.ashbyhq.com/counsel/8b3e3f72-da1b-46b1-9730-325ca0c2384b
Principal Software Engineer - Backend @ Post.,Post,Ashby,completed,Not Enabled,No,3/8/2026,Senior DevOps Engineer,https://jobs.ashbyhq.com/Post/67663866-eae3-47e2-a80a-4ba0d0715fdc
"Senior Software Engineer, Developer Productivity @ Patreon - Jobs",Patreon,Ashby,completed,Not Enabled,No,3/8/2026,Senior DevOps Engineer,https://jobs.ashbyhq.com/patreon/bfba1992-bccc-440c-b997-8ef41dd95962
"Job Application for Senior Software Engineer, Integrations at Censys",Censys,Greenhouse,completed,Not Enabled,No,3/8/2026,Senior DevOps Engineer,https://job-boards.greenhouse.io/censys/jobs/8234120002
Senior Software Engineer - (CLAW) @ NerdWallet - Jobs,Nerdwallet,Ashby,completed,Not Enabled,No,3/8/2026,Senior DevOps Engineer,https://jobs.ashbyhq.com/nerdwallet/06bedc89-a0ae-4cff-a810-cf7d5c28abee
Senior Software Engineer | QuotaPath,Quotapath,Rippling,completed,Not Enabled,No,3/8/2026,Senior DevOps Engineer,https://ats.rippling.com/quotapath/jobs/72dc8a28-1a11-4374-a851-457c34f8ed29
"Principal Software Engineer, AI Agents and Tasks",Moon,Rippling,completed,Not Enabled,No,3/8/2026,Senior DevOps Engineer,https://ats.rippling.com/moon/jobs/2fbeb5fd-3ee2-4b13-9d06-7ee32e30698e
"Senior Software Engineer, Tooling",Forterra,Rippling,completed,Not Enabled,No,3/8/2026,Senior DevOps Engineer,https://ats.rippling.com/en-US/forterra/jobs/45fe8e68-2c41-4663-92d2-cf30ca5d2751
"Senior Software Engineer, Payments | Tixr",Tixr,Rippling,completed,Not Enabled,No,3/8/2026,Senior DevOps Engineer,https://ats.rippling.com/tixr/jobs/caf19291-215d-4332-976b-27022044fe6a
Senior Software Engineer (Real-Time Data),Scope3pbc,Rippling,completed,Not Enabled,No,3/8/2026,Senior DevOps Engineer,https://ats.rippling.com/scope3pbc/jobs/a9f20a63-542f-47af-b5b2-7b239e695b0b?jobSite=levels.fyi&ref=levels.fyi&src=levels.fyi&utm_source=levels.fyi
Senior Software Engineer,Allvoices,Rippling,completed,Not Enabled,No,3/8/2026,Senior DevOps Engineer,https://ats.rippling.com/en-US/allvoices/jobs/b587b526-79fa-4e03-b3d9-1c9d64b5fcb5
Senior Software Engineer,Genlogs Corporation,Rippling,completed,Not Enabled,No,3/8/2026,Senior DevOps Engineer,https://ats.rippling.com/genlogs-corporation/jobs/e1efa400-0040-494f-8187-6d1a41d7a57b
Principal Software Engineer,Lynx Software Technologies,Rippling,completed,Not Enabled,No,3/8/2026,Senior DevOps Engineer,https://ats.rippling.com/lynx-software-technologies/jobs/81bd924b-4edb-41f8-b67d-31773c67cdf0
Senior Software Engineer @ Mangomint - Jobs,Mangomint,Ashby,completed,Not Enabled,No,3/8/2026,Senior DevOps Engineer,https://jobs.ashbyhq.com/mangomint/3b15106b-4c50-432a-9bcf-213a0bd5656e
"Senior Software Engineer, Growth @ Mural - Jobs",Mural,Ashby,completed,Not Enabled,No,3/8/2026,Senior DevOps Engineer,https://jobs.ashbyhq.com/mural/4a5d2c20-4ab0-448c-b5e2-48f788d43d71
Principal Software Engineer | Sanas,Sanas,Rippling,completed,Not Enabled,No,3/8/2026,Senior DevOps Engineer,https://ats.rippling.com/sanas/jobs/3d9f0bb1-941f-4732-808c-7834f85f3810
"Senior Software Engineer, Full Stack @ People Data Labs - Jobs",People Data Labs,Ashby,completed,Not Enabled,No,3/8/2026,Senior DevOps Engineer,https://jobs.ashbyhq.com/people-data-labs/4be39eeb-6568-4f78-b157-a3e7d9552f03
"Senior Software Engineer, Applied AI @ TLDR - Jobs",Tldr.tech,Ashby,completed,Not Enabled,No,3/8/2026,Senior DevOps Engineer,https://jobs.ashbyhq.com/tldr.tech/3b21aaf8-dea5-4127-be71-602d30e5001e
Software Engineer or Senior Software Engineer,Obie,Rippling,completed,Not Enabled,No,3/8/2026,Senior DevOps Engineer,https://ats.rippling.com/obie/jobs/6bd0c8e4-c5bc-4d9a-9ed7-3f48aa460865
"Senior Software Engineer, Platform",Rippling,Rippling,completed,Not Enabled,No,3/8/2026,Senior DevOps Engineer,https://ats.rippling.com/rippling/jobs/33cc41d1-b56b-4760-8e73-aebe2b898111
Senior Software Engineer,Edgedelta,Rippling,completed,Not Enabled,No,3/8/2026,Senior DevOps Engineer,https://ats.rippling.com/edgedelta/jobs/b5cbed8e-8bb3-4253-afcd-05dd001232cf
Senior Software Engineer (AI-Native) (Full-time Contractor),Nerdy,Greenhouse,completed,Not Enabled,No,3/8/2026,Senior DevOps Engineer,http://job-boards.greenhouse.io/nerdy/jobs/7539045
Principal Software Engineer - Global Payroll,Rippling,Rippling,completed,Not Enabled,No,3/8/2026,Senior DevOps Engineer,https://ats.rippling.com/rippling/jobs/5bc782fd-2e5c-4d98-bd41-a7f4172a5e5b
"Senior Software Engineer | Zivian Health, Inc.",Zivian Health Inc,Rippling,completed,Not Enabled,No,3/8/2026,Senior DevOps Engineer,https://ats.rippling.com/zivian-health-inc/jobs/86db5b9c-1c38-46b8-b0f6-b4d25816bd29
Job Application for Senior Software Engineer at Ameelio - Greenhouse,Ameelio,Greenhouse,completed,Not Enabled,No,3/8/2026,Senior DevOps Engineer,http://job-boards.greenhouse.io/ameelio/jobs/4552705008
"Principal Software Engineer, Foundational Platform",Moon,Rippling,completed,Not Enabled,No,3/8/2026,Senior DevOps Engineer,https://ats.rippling.com/moon/jobs/7f144537-57e9-435e-881f-50dec104dd73
Senior Software Engineer,Crunchafi Llc,Rippling,completed,Not Enabled,No,3/8/2026,Senior DevOps Engineer,https://ats.rippling.com/crunchafi-llc/jobs/b8a02405-3126-4043-bd3f-6b53fc9b7fa0
"Senior Software Engineer, SRE @ Abridge - Jobs",Abridge,Ashby,completed,Not Enabled,No,3/8/2026,Senior DevOps Engineer,https://jobs.ashbyhq.com/abridge/dd85cb94-d1c1-4e37-a26e-4648e9ebc714
Job Application for Senior Software Engineer (LATAM) at Kasa,Kasaliving,Greenhouse,completed,Not Enabled,No,3/8/2026,Senior DevOps Engineer,https://job-boards.greenhouse.io/kasaliving/jobs/7511025003
"Senior Software Engineer, Backend - Platform",Rippling,Rippling,completed,Not Enabled,No,3/8/2026,Senior DevOps Engineer,https://ats.rippling.com/rippling/jobs/b60c7ab2-e174-452f-83cc-37973b0ad4e3
Senior Software Engineer - Platform,Rippling,Rippling,completed,Not Enabled,No,3/8/2026,Senior DevOps Engineer,https://ats.rippling.com/rippling/jobs/23df9b4c-27db-45ba-ae1d-329e059c0ed5
Senior Software Engineer | Moov,Moov,Rippling,completed,Not Enabled,No,3/8/2026,Senior DevOps Engineer,https://ats.rippling.com/moov/jobs/e46ac966-3b1c-4f19-b220-f01631683b99
Senior Software Engineer,Steno Careers Page,Rippling,completed,Not Enabled,No,3/8/2026,Senior DevOps Engineer,https://ats.rippling.com/steno-careers-page/jobs/ae602b2a-aea8-4770-a7a2-048df791f7c4
Senior Software Engineer - Virtual Test Ecosystem (Autonomy ...,Latitude,Greenhouse,completed,Not Enabled,No,3/8/2026,Senior DevOps Engineer,https://job-boards.greenhouse.io/latitude/jobs/7232585
"Senior Software Engineer, Fullstack (Open Banking) - Greenhouse",Affirm,Greenhouse,completed,Not Enabled,No,3/8/2026,Senior DevOps Engineer,https://job-boards.greenhouse.io/affirm/jobs/7574924003
"Principal Software Engineer, ML Infra & Distributed Systems",Tubi Canada,Greenhouse,completed,Not Enabled,No,3/8/2026,Senior DevOps Engineer,https://job-boards.greenhouse.io/tubi-canada/jobs/7495463
"Job Application for Senior Software Engineer, Mobile & Web at Flex",Flex,Greenhouse,completed,Not Enabled,No,3/8/2026,Senior DevOps Engineer,http://job-boards.greenhouse.io/flex/jobs/4585778005
Senior Software Engineer - Distributed Training - Greenhouse,Clockworksystems,Greenhouse,completed,Not Enabled,No,3/8/2026,Senior DevOps Engineer,http://job-boards.greenhouse.io/clockworksystems/jobs/5569331004
"Senior Software Engineer, Backend - IT Product",Rippling,Rippling,completed,Not Enabled,No,3/8/2026,Senior DevOps Engineer,https://ats.rippling.com/rippling/jobs/af95ca2e-187d-4e60-92df-292ee3934c9c
Senior Software Engineer,514 Careers,Rippling,completed,Not Enabled,No,3/8/2026,Senior DevOps Engineer,https://ats.rippling.com/514-careers/jobs/5811104e-78bb-4aaa-a8f6-32bbad47654b
Job Application for Senior/Lead Software Engineer - India at Aspire,Aspireio,Greenhouse,completed,Not Enabled,No,3/8/2026,Senior DevOps Engineer,https://job-boards.greenhouse.io/aspireio/jobs/8233934002
"Senior Software Engineer, Distributed Systems - Greenhouse",Parasail,Greenhouse,completed,Not Enabled,No,3/8/2026,Senior DevOps Engineer,https://job-boards.greenhouse.io/parasail/jobs/5107876008
"(Principal) Software Engineer C++, Remote Driving Platform Team",Vay,Greenhouse,completed,Not Enabled,No,3/8/2026,Senior DevOps Engineer,https://job-boards.greenhouse.io/vay/jobs/4781213101
Job Application for Senior Software Engineer (REMOTE) at Upbound,Upboundext,Greenhouse,completed,Not Enabled,No,3/8/2026,Senior DevOps Engineer,https://job-boards.greenhouse.io/upboundext/jobs/5695711004
Job Application for Senior Software Engineer at Fluxon - Greenhouse,Fluxon,Greenhouse,completed,Not Enabled,No,3/8/2026,Senior DevOps Engineer,https://job-boards.greenhouse.io/fluxon/jobs/4648674005
"Job Application for Principal Software Engineer, Applications at Evolve",Evolvevacationrental,Greenhouse,completed,Not Enabled,No,3/8/2026,Senior DevOps Engineer,https://job-boards.greenhouse.io/evolvevacationrental/jobs/7474618003
Job Application for Senior Software Engineer at Hudl - Greenhouse,Hudl,Greenhouse,completed,Not Enabled,No,3/8/2026,Senior DevOps Engineer,https://job-boards.greenhouse.io/hudl/jobs/7515924
Job Application for Senior Software Engineer at Hummingbird,Hummingbirdregtech,Greenhouse,completed,Not Enabled,No,3/8/2026,Senior DevOps Engineer,https://job-boards.greenhouse.io/hummingbirdregtech/jobs/5688295004
"Principal Software Engineer, AI Cloud @ Docker - Jobs",Docker,Ashby,completed,Not Enabled,No,3/8/2026,Senior DevOps Engineer,https://jobs.ashbyhq.com/docker/ca6a4c5b-c258-4297-9c61-ca8506349f19
"Job Application for Senior Software Engineer, Ad Platform at Wurl",Wurljobs,Greenhouse,completed,Not Enabled,No,3/8/2026,Senior DevOps Engineer,https://job-boards.greenhouse.io/wurljobs/jobs/4646752006
"Senior Software Engineer, Python - US Remote - Greenhouse",Perfectserve,Greenhouse,completed,Not Enabled,No,3/8/2026,Senior DevOps Engineer,https://job-boards.greenhouse.io/perfectserve/jobs/5749855004
Senior Software Engineer | Partner.Co,Partnerco,Rippling,completed,Not Enabled,No,3/8/2026,Senior DevOps Engineer,https://ats.rippling.com/partnerco/jobs/9a2df6c2-034b-4b0c-be36-a397c3fc7900
Senior Software Engineer,Clicklease,Rippling,completed,Not Enabled,No,3/8/2026,Senior DevOps Engineer,https://ats.rippling.com/clicklease/jobs/0a3e2993-7411-449c-a920-380f731094b1
Senior Principal Software Engineer (REMOTE) - Greenhouse,Upbound,Greenhouse,completed,Not Enabled,No,3/8/2026,Senior DevOps Engineer,https://job-boards.greenhouse.io/upbound/jobs/5686073004
Principal Software Engineer (Remote) @ Rula - Jobs,Rula,Ashby,completed,Not Enabled,No,3/8/2026,Senior DevOps Engineer,https://jobs.ashbyhq.com/rula/1850600a-6c12-413a-b008-ee442f01a592
Job Application for Senior Platform Security Engineer at HP IQ,Hpiq,Greenhouse,completed,Not Enabled,No,3/8/2026,Senior DevOps Engineer,https://job-boards.greenhouse.io/hpiq/jobs/5812109004
Job Application for Senior Offensive Security Engineer at HP IQ,Hpiq,Greenhouse,completed,Not Enabled,No,3/8/2026,Senior DevOps Engineer,https://job-boards.greenhouse.io/hpiq/jobs/5812104004
Job Application for Security Engineer at Manychat - Greenhouse,Manychat,Greenhouse,completed,Not Enabled,No,3/8/2026,Senior DevOps Engineer,https://job-boards.greenhouse.io/manychat/jobs/8424159002?gh_jid=8424159002
Job Application for DevSecOps Engineer II at Kapitus - Greenhouse,Kapitus,Greenhouse,completed,Not Enabled,No,3/8/2026,Senior DevOps Engineer,https://job-boards.greenhouse.io/kapitus/jobs/4170002009
Senior Security Engineer,Patientnow,Rippling,completed,Not Enabled,No,3/8/2026,Senior DevOps Engineer,https://ats.rippling.com/patientnow/jobs/3411b302-3662-4728-894a-2a52be809843
Product Security Engineer @ OnePay - Jobs,Oneapp,Ashby,completed,Not Enabled,No,3/8/2026,Senior DevOps Engineer,https://jobs.ashbyhq.com/oneapp/c2a9e917-8e39-447e-a63b-10b3fce59fd7
Senior AI Security Engineer - Jobs,Menlosecurity,Ashby,completed,Not Enabled,No,3/8/2026,Senior DevOps Engineer,https://jobs.ashbyhq.com/menlosecurity/4050a77e-9a72-4468-8738-44ad6af3a4e1
Job Application for Senior DevOps Engineer-GCP at CodeRoad,Coderoad,Greenhouse,completed,Not Enabled,No,3/8/2026,Senior DevOps Engineer,https://job-boards.greenhouse.io/coderoad/jobs/4131947009
Job Application for Security Engineer at AlertMedia - Greenhouse,Alertmedia,Greenhouse,completed,Not Enabled,No,3/8/2026,Senior DevOps Engineer,https://job-boards.greenhouse.io/alertmedia/jobs/8446063002
Senior DevOps Engineer @ Kiefer - Jobs,Kiefer,Ashby,completed,Not Enabled,No,3/8/2026,Senior DevOps Engineer,https://jobs.ashbyhq.com/kiefer/d528bca8-d00d-49f7-80dd-44d4c2b18f34
Job Application for Product Security Engineer (Starshield) at SpaceX,Spacex,Greenhouse,completed,Not Enabled,No,3/8/2026,Senior DevOps Engineer,https://job-boards.greenhouse.io/spacex/jobs/8425940002
DevOps Engineer @ Swap - Jobs,Swap,Ashby,completed,Not Enabled,No,3/8/2026,Senior DevOps Engineer,https://jobs.ashbyhq.com/swap/ba796ff1-4b2c-4630-9371-ec73d637b786
DevOps Engineer @ Pursuit - Jobs,Pursuit,Ashby,completed,Not Enabled,No,3/8/2026,Senior DevOps Engineer,https://jobs.ashbyhq.com/pursuit/b9f478e3-a09f-4ff6-8d07-07199665e4d6
Job Application for Senior Cloud Security Engineer at Scopely,Scopely,Greenhouse,completed,Not Enabled,No,3/8/2026,Senior DevOps Engineer,https://job-boards.greenhouse.io/scopely/jobs/5110280008
Senior Product Security Engineer - Greenhouse,Smartertechnologies,Greenhouse,completed,Not Enabled,No,3/8/2026,Senior DevOps Engineer,https://job-boards.greenhouse.io/smartertechnologies/jobs/4614323005
Job Application for Cloud Security Engineer at eLEND - Greenhouse,Elend,Greenhouse,completed,Not Enabled,No,3/8/2026,Senior DevOps Engineer,https://job-boards.greenhouse.io/elend/jobs/4153932009
Senior DevOps Engineer (Contractor) @ Hauler Hero Inc. - Jobs,Hauler Hero,Ashby,completed,Not Enabled,No,3/8/2026,Senior DevOps Engineer,https://jobs.ashbyhq.com/hauler-hero/07c189da-687f-4b3f-a55d-6d3c498958da
Job Application for Senior Security Engineer at Mattermost,Mattermost,Greenhouse,completed,Not Enabled,No,3/8/2026,Senior DevOps Engineer,https://job-boards.greenhouse.io/mattermost/jobs/5119687008
Staff Product Security Engineer - Customer Platform @ Valon Tech,Valon,Ashby,completed,Not Enabled,No,3/8/2026,Senior DevOps Engineer,https://jobs.ashbyhq.com/valon/a6bc7780-3e0c-4ad9-acb2-d35a1ea6cd46
Job Application for Staff Engineer Security at Buildkite - Greenhouse,Buildkite,Greenhouse,completed,Not Enabled,No,3/8/2026,Senior DevOps Engineer,https://job-boards.greenhouse.io/buildkite/jobs/5138711008
Job Application for Principal DevOps Engineer at Aker Systems,Akersystems,Greenhouse,completed,Not Enabled,No,3/8/2026,Senior DevOps Engineer,https://job-boards.greenhouse.io/akersystems/jobs/4782097101
Job Application for Senior Security Engineer II at Credit Karma,Creditkarma,Greenhouse,completed,Not Enabled,No,3/8/2026,Senior DevOps Engineer,https://job-boards.greenhouse.io/creditkarma/jobs/7636390003
Cloud Security Engineer (Remote) Position located in Brazil),Knowbe4,Greenhouse,completed,Not Enabled,No,3/8/2026,Senior DevOps Engineer,https://job-boards.greenhouse.io/knowbe4/jobs/8420984002
Senior Security Engineer @ 1Password - Jobs,1password,Ashby,completed,Not Enabled,No,3/8/2026,Senior DevOps Engineer,https://jobs.ashbyhq.com/1password/e7363d06-54c9-43bb-ad1f-5eea257a320e
Job Application for Product Security Engineer at ClickHouse,Clickhouse,Greenhouse,completed,Not Enabled,No,3/8/2026,Senior DevOps Engineer,https://job-boards.greenhouse.io/clickhouse/jobs/5802967004
"Job Application for Senior Security Engineer, Operational Technology",Guidepointsecurity,Greenhouse,completed,Not Enabled,No,3/8/2026,Senior DevOps Engineer,https://job-boards.greenhouse.io/guidepointsecurity/jobs/5816762004
Application Security Engineer - North Central region (Remote in the ...,Guidepointsecurity,Greenhouse,completed,Not Enabled,No,3/8/2026,Senior DevOps Engineer,https://job-boards.greenhouse.io/guidepointsecurity/jobs/5813056004?gh_jid=5813056004
Product Security Engineer - Modern Health - Greenhouse,Modernhealth,Greenhouse,completed,Not Enabled,No,3/8/2026,Senior DevOps Engineer,https://job-boards.greenhouse.io/modernhealth/jobs/8451922002
Job Application for Information Security Engineer at Keeper Security,Keepersecurity,Greenhouse,completed,Not Enabled,No,3/8/2026,Senior DevOps Engineer,https://job-boards.greenhouse.io/keepersecurity/jobs/4139678009
Job Application for Security Engineer at Automox - Greenhouse,Automox,Greenhouse,completed,Not Enabled,No,3/8/2026,Senior DevOps Engineer,https://job-boards.greenhouse.io/automox/jobs/5145654008
Senior DevSecOps / Platform Security Engineer (AWS + Kubernetes),Redcellpartners,Greenhouse,completed,Not Enabled,No,3/8/2026,Senior DevOps Engineer,https://job-boards.greenhouse.io/redcellpartners/jobs/5049060007
Principal Cloud Security Engineer (Remote - Work from Anywhere),Xapo61,Greenhouse,completed,Not Enabled,No,3/8/2026,Senior DevOps Engineer,https://job-boards.greenhouse.io/xapo61/jobs/7640070003
Devops Security Engineer @ Knox Systems - Jobs,Knox Systems,Ashby,completed,Not Enabled,No,3/8/2026,Senior DevOps Engineer,https://jobs.ashbyhq.com/knox-systems/747e6c89-9492-491a-8ccb-adbc148857e4
DevSecOps Engineer - Job Application for SkillBridge - Greenhouse,Theweathercompany,Greenhouse,completed,Not Enabled,No,3/8/2026,Senior DevOps Engineer,https://job-boards.greenhouse.io/theweathercompany/jobs/5050445007
Job Application for DevSecOps Engineer at Swarm Aero - Greenhouse,Swarmaero,Greenhouse,completed,Not Enabled,No,3/8/2026,Senior DevOps Engineer,https://job-boards.greenhouse.io/swarmaero/jobs/5058065007
DevSecOps Engineer,Rohirrim,Rippling,completed,Not Enabled,No,3/8/2026,Senior DevOps Engineer,https://ats.rippling.com/rohirrim/jobs/cf8acee3-2b81-451d-8582-c81237349ed6
CMMC Assessment Consultant @ Fortreum - Jobs,Fortreum,Ashby,completed,Not Enabled,No,3/8/2026,Senior DevOps Engineer,https://jobs.ashbyhq.com/fortreum/d259633f-88d0-4cf0-b978-c748b0ef8dc4
Senior Cloud Engineer @ Grindr - Jobs,Grindr Llc,Ashby,completed,Not Enabled,No,3/8/2026,Senior DevOps Engineer,https://jobs.ashbyhq.com/Grindr%20LLC/30116d94-38bf-4f90-9065-24f2b66e82bb
Scientific Solutions Architect,Albert Invent Corp,Rippling,completed,Not Enabled,No,3/8/2026,Senior DevOps Engineer,https://ats.rippling.com/albert-invent-corp/jobs/6672125f-9418-4b61-a47c-da5290572863
Job Application for Solutions Architect (Presales) at ClickHouse,Clickhouse,Greenhouse,completed,Not Enabled,No,3/8/2026,Senior DevOps Engineer,https://job-boards.greenhouse.io/clickhouse/jobs/5798997004
BlackCloak - Senior Cloud Engineer - Lever,Blackcloak,Lever,completed,Not Enabled,No,3/8/2026,Senior DevOps Engineer,https://jobs.lever.co/BlackCloak/afab4049-7a6c-4920-85cc-ab4ed46ad454/apply
Sales Engineer @ Horizon3 AI - Jobs,Horizon3ai,Ashby,completed,Not Enabled,No,3/8/2026,Senior DevOps Engineer,https://jobs.ashbyhq.com/horizon3ai/f1e52c9a-0c38-473a-a66d-5cc43db4b7de
Job Application for Senior Solutions Architect at Dark Wolf Solutions,Darkwolfsolutions,Greenhouse,completed,Not Enabled,No,3/8/2026,Senior DevOps Engineer,https://job-boards.greenhouse.io/darkwolfsolutions/jobs/7636932003
Job Application for Google Cloud Engineer at Dark Wolf Solutions,Darkwolfsolutions,Greenhouse,completed,Not Enabled,No,3/8/2026,Senior DevOps Engineer,https://job-boards.greenhouse.io/darkwolfsolutions/jobs/7636961003
Job Application for Principal Cloud Architect - Networking at Caylent,Caylent,Greenhouse,completed,Not Enabled,No,3/8/2026,Senior DevOps Engineer,https://job-boards.greenhouse.io/caylent/jobs/5809199004
Job Application for Senior Cloud Engineer (Data) at League Inc.,Leagueinc,Greenhouse,completed,Not Enabled,No,3/8/2026,Senior DevOps Engineer,https://job-boards.greenhouse.io/leagueinc/jobs/5811698004
Job Application for Solutions Architect - AI at Robots and Pencils,Robotsandpencils,Greenhouse,completed,Not Enabled,No,3/8/2026,Senior DevOps Engineer,https://job-boards.greenhouse.io/robotsandpencils/jobs/5134372008
Solutions Architect @ Modal - Jobs,Modal,Ashby,completed,Not Enabled,No,3/8/2026,Senior DevOps Engineer,https://jobs.ashbyhq.com/modal/2f5d046a-bd5f-44bb-a606-98bf13577c69
Principal Solutions Architect – Core & Signaling - Greenhouse,Skylotechnologies,Greenhouse,completed,Not Enabled,No,3/8/2026,Senior DevOps Engineer,http://job-boards.greenhouse.io/skylotechnologies/jobs/7648455003
Job Application for Senior Solutions Architect - EMEA at NICE,Nice,Greenhouse,completed,Not Enabled,No,3/8/2026,Senior DevOps Engineer,https://job-boards.greenhouse.io/nice/jobs/4794421101
Solutions Architect - EMEA @ Omni - Jobs,Omni,Ashby,completed,Not Enabled,No,3/8/2026,Senior DevOps Engineer,https://jobs.ashbyhq.com/omni/a8bd2f3e-628e-494d-8014-7df1cfbe1752
"Mapbox - Solutions Architect III, Enterprise - Jobs",Mapbox,Ashby,completed,Not Enabled,No,3/8/2026,Senior DevOps Engineer,https://jobs.ashbyhq.com/Mapbox/ed7fc29b-9fa3-4649-b592-fd8114a940da
Solutions Architect @ LangChain - Jobs,Langchain,Ashby,completed,Not Enabled,No,3/8/2026,Senior DevOps Engineer,https://jobs.ashbyhq.com/langchain/a24b4275-06ef-4891-b657-10d537b06a16
Solutions Architect (Australia) @ XBOW - Jobs,Xbowcareers,Ashby,completed,Not Enabled,No,3/8/2026,Senior DevOps Engineer,https://jobs.ashbyhq.com/xbowcareers/261fd514-e9cb-4e2e-821d-541cd5262138
Job Application for Solutions Architect at TurbineOne - Greenhouse,Turbineone,Greenhouse,completed,Not Enabled,No,3/8/2026,Senior DevOps Engineer,https://job-boards.greenhouse.io/turbineone/jobs/5139319008
Job Application for Sr. Technical Solutions Architect at Addepar,Addepar1,Greenhouse,completed,Not Enabled,No,3/8/2026,Senior DevOps Engineer,https://job-boards.greenhouse.io/addepar1/jobs/8435493002
Solutions Architect @ Blockstream - Jobs,Blockstream,Ashby,completed,Not Enabled,No,3/8/2026,Senior DevOps Engineer,https://jobs.ashbyhq.com/blockstream/702c6c65-c38d-4c80-98e9-a4e42afddc1b
Security Solutions Architect,Redesigncareers,Rippling,completed,Not Enabled,No,3/8/2026,Senior DevOps Engineer,https://ats.rippling.com/redesigncareers/jobs/744384b7-c7a8-4fec-894f-ba818707b9d3
Principal Solutions Architect | Shippo,Shippo,Rippling,completed,Not Enabled,No,3/8/2026,Senior DevOps Engineer,https://ats.rippling.com/en-US/shippo/jobs/3aa69547-a07f-4051-a11a-eddd74ba3f1a
Job Application for AI Platform & Cloud Engineer at Axle - Greenhouse,Axle,Greenhouse,completed,Not Enabled,No,3/8/2026,Senior DevOps Engineer,https://job-boards.greenhouse.io/axle/jobs/5055627007
SAP Functional Solutions Architect (HR & Payroll) - Greenhouse,Spinnakersupport,Greenhouse,completed,Not Enabled,No,3/8/2026,Senior DevOps Engineer,https://job-boards.greenhouse.io/spinnakersupport/jobs/5045777007
"Staff Solutions Architect, AI Sim @ SandboxAQ - Jobs",Sandboxaq,Ashby,completed,Not Enabled,No,3/8/2026,Senior DevOps Engineer,https://jobs.ashbyhq.com/sandboxaq/336b6f46-6e98-4622-bdc5-8a03564ed1da
Senior Customer Solutions Architect (AI Readiness & Enterprise Data),Hirehangar,Ashby,completed,Not Enabled,No,3/8/2026,Senior DevOps Engineer,https://jobs.ashbyhq.com/hirehangar/b7221c66-e202-4b03-ba0c-d8c33f238fc5
Job Application for Associate Principal Solutions Architect at Tekion,Tekion,Greenhouse,completed,Not Enabled,No,3/8/2026,Senior DevOps Engineer,https://job-boards.greenhouse.io/tekion/jobs/7632175003
"Job Application for Manager, Solutions Architects at GitLab",Gitlab,Greenhouse,completed,Not Enabled,No,3/8/2026,Senior DevOps Engineer,https://job-boards.greenhouse.io/gitlab/jobs/8396674002
Job Application for Senior Solutions Architect at Judi Health,Capitalrx,Greenhouse,completed,Not Enabled,No,3/8/2026,Senior DevOps Engineer,https://job-boards.greenhouse.io/capitalrx/jobs/5141282008
Job Application for Solutions Architect - Korea at GitLab - Greenhouse,Gitlab,Greenhouse,completed,Not Enabled,No,3/8/2026,Senior DevOps Engineer,https://job-boards.greenhouse.io/gitlab/jobs/8430632002
Solutions Architect @ Sona - Jobs,Sona,Ashby,completed,Not Enabled,No,3/8/2026,Senior DevOps Engineer,https://jobs.ashbyhq.com/Sona/1ee11824-cb62-4242-9a6a-d1cc76d51afe
Job Application for Principal Cloud Architect (AWS) at Tulea Health,Tuleahealth,Greenhouse,completed,Not Enabled,No,3/8/2026,Senior DevOps Engineer,https://job-boards.greenhouse.io/tuleahealth/jobs/4121736009
HPC Solutions Architect @ Lavendo - Jobs,Lavendo,Ashby,completed,Not Enabled,No,3/8/2026,Senior DevOps Engineer,https://jobs.ashbyhq.com/lavendo/b62b2e1a-7581-4714-9586-afa3287ce7d6
Job Application for AI Cloud Engineer (1099-BOP) at Effectual,Effectual,Greenhouse,completed,Not Enabled,No,3/8/2026,Senior DevOps Engineer,http://job-boards.greenhouse.io/effectual/jobs/7651030003
"Job Application for Principal Solutions Architect at Solo.io, Inc.",Soloioinc,Greenhouse,completed,Not Enabled,No,3/8/2026,Senior DevOps Engineer,http://job-boards.greenhouse.io/soloioinc/jobs/4661637005
Job Application for Staff Solutions Architect [REMOTE] at Upbound,Upboundext,Greenhouse,completed,Not Enabled,No,3/8/2026,Senior DevOps Engineer,https://job-boards.greenhouse.io/upboundext/jobs/5810154004
Job Application for Cloud Engineer - Product Metrics at ClickHouse,Clickhouse,Greenhouse,completed,Not Enabled,No,3/8/2026,Senior DevOps Engineer,https://job-boards.greenhouse.io/clickhouse/jobs/5755082004
Job Application for Cloud Solution Architect at FormativGroup,Formativgroup,Greenhouse,completed,Not Enabled,No,3/8/2026,Senior DevOps Engineer,https://job-boards.greenhouse.io/formativgroup/jobs/4145707009
"Senior Software Engineer - Grafana Databases, SRE | Spain | Remote",Grafanalabs,Greenhouse,completed,Not Enabled,No,3/8/2026,Senior DevOps Engineer,https://job-boards.greenhouse.io/grafanalabs/jobs/5808860004
Software Developer - Web Applications - (Hybrid),Cruiseplanners,Rippling,completed,Not Enabled,No,3/8/2026,Senior DevOps Engineer,https://ats.rippling.com/en-gb/cruiseplanners/jobs/3e656999-d5c0-47fe-8d8d-068c5080ad11
Job Application for Software Engineer III | Middleware at ExtraHop,Extrahopnetworks,Greenhouse,completed,Not Enabled,No,3/8/2026,Senior DevOps Engineer,https://job-boards.greenhouse.io/extrahopnetworks/jobs/5814841004
Software Engineer - Solana @ Rain - Jobs,Rain,Ashby,completed,Not Enabled,No,3/8/2026,Senior DevOps Engineer,https://jobs.ashbyhq.com/rain/71212e62-8e54-43db-b2ba-a02b9a91b607
Senior Software Engineer | Ozmo,Ozmocareers,Rippling,completed,Not Enabled,No,3/8/2026,Senior DevOps Engineer,https://ats.rippling.com/ozmocareers/jobs/09404d91-2515-4270-a88e-deb21ba530a8
Software Engineer II @ Handshake - Jobs,Handshake,Ashby,completed,Not Enabled,No,3/8/2026,Senior DevOps Engineer,https://jobs.ashbyhq.com/handshake/9d7bdbac-2672-4717-99c0-90cf37aa48c1
Senior Software Engineer @ amplo - Jobs,Amplo,Ashby,completed,Not Enabled,No,3/8/2026,Senior DevOps Engineer,https://jobs.ashbyhq.com/amplo/a803a80a-f8eb-484c-a1bc-991454210747
"Job Application for Senior Software Engineer, Infrastructure at Afresh",Afresh,Greenhouse,completed,Not Enabled,No,3/8/2026,Senior DevOps Engineer,https://job-boards.greenhouse.io/afresh/jobs/5817297004
Staff Software Engineer - Grafana Cloud k6 | Canada | Remote,Grafanalabs,Greenhouse,completed,Not Enabled,No,3/8/2026,Senior DevOps Engineer,https://job-boards.greenhouse.io/grafanalabs/jobs/5800230004
Senior Software Engineer - .NET (Hybrid remote) - Greenhouse,Auctane,Greenhouse,completed,Not Enabled,No,3/8/2026,Senior DevOps Engineer,https://job-boards.greenhouse.io/auctane/jobs/7503992003
Staff Software Engineer - Grafana Cloud k6 | USA | Remote,Grafanalabs,Greenhouse,completed,Not Enabled,No,3/8/2026,Senior DevOps Engineer,https://job-boards.greenhouse.io/grafanalabs/jobs/5800213004
"Job Application for Software Engineer, Compute (8+ YOE) at Airtable",Airtable,Greenhouse,completed,Not Enabled,No,3/8/2026,Senior DevOps Engineer,https://job-boards.greenhouse.io/airtable/jobs/8442397002
Senior Software Engineer - Internal Tooling at Pulumi - Greenhouse,Pulumicorporation,Greenhouse,completed,Not Enabled,No,3/8/2026,Senior DevOps Engineer,https://job-boards.greenhouse.io/pulumicorporation/jobs/7628762003
Job Application for Backend Engineer (Golang) at Future,Future,Greenhouse,completed,Not Enabled,No,3/8/2026,Senior DevOps Engineer,http://job-boards.greenhouse.io/future/jobs/4667019005
"Senior Software Engineer, Strategic Reporting & Tools - Greenhouse",Fleetio,Greenhouse,completed,Not Enabled,No,3/8/2026,Senior DevOps Engineer,https://job-boards.greenhouse.io/fleetio/jobs/5059542007
"Software Engineer, Full Stack - Emerging Talent @ Verse Medical",Versemedical,Ashby,completed,Not Enabled,No,3/8/2026,Senior DevOps Engineer,https://jobs.ashbyhq.com/versemedical/af511a89-f716-4e51-9ad1-bf4e68dbdcaa
Staff Software Engineer (Java Libraries) - Greenhouse,Chainguard,Greenhouse,completed,Not Enabled,No,3/8/2026,Senior DevOps Engineer,https://job-boards.greenhouse.io/chainguard/jobs/4608332006?gh_jid=4608332006
Job Application for Sr. Mobile Software Engineer at CentralReach,Centralreach,Greenhouse,completed,Not Enabled,No,3/8/2026,Senior DevOps Engineer,https://job-boards.greenhouse.io/centralreach/jobs/4147040009
Senior Software Engineer @ SearchStax - Jobs,Searchstax,Ashby,completed,Not Enabled,No,3/8/2026,Senior DevOps Engineer,https://jobs.ashbyhq.com/searchstax/3741d03a-3d4f-4362-8be0-0aa45db5f968/application
Backend Software Engineer III,Accelintforwardslope,Rippling,completed,Not Enabled,No,3/8/2026,Senior DevOps Engineer,https://ats.rippling.com/accelintforwardslope/jobs/789e55c0-c589-49c8-bb72-2c7aa347538a
Job Application for Software Engineer III | Security at ExtraHop,Extrahopnetworks,Greenhouse,completed,Not Enabled,No,3/8/2026,Senior DevOps Engineer,https://job-boards.greenhouse.io/extrahopnetworks/jobs/5814304004
Job Application for Senior Software Engineer at Genio - Greenhouse,Genio,Greenhouse,completed,Not Enabled,No,3/8/2026,Senior DevOps Engineer,https://job-boards.greenhouse.io/genio/jobs/5814509004
"Senior Software Engineer, Backend (AI Agent) - Greenhouse",Cresta,Greenhouse,completed,Not Enabled,No,3/8/2026,Senior DevOps Engineer,https://job-boards.greenhouse.io/cresta/jobs/5133464008
Job Application for Senior Software Engineer: Platform at LogicGate,Logicgate,Greenhouse,completed,Not Enabled,No,3/8/2026,Senior DevOps Engineer,https://job-boards.greenhouse.io/logicgate/jobs/4660068005
"Staff Software Engineer, Backend (AI Agent Integrations)",Cresta,Greenhouse,completed,Not Enabled,No,3/8/2026,Senior DevOps Engineer,https://job-boards.greenhouse.io/cresta/jobs/5137152008
"Fullstack Software Engineer, Cloud, Code and Security @ Vanta",Vanta,Ashby,completed,Not Enabled,No,3/8/2026,Senior DevOps Engineer,https://jobs.ashbyhq.com/vanta/f491992e-c74c-4f3b-bcc5-46c830b1c4f1
Senior Backend Engineer - Data Onboarding at Scotch - Greenhouse,Scotch,Greenhouse,completed,Not Enabled,No,3/8/2026,Senior DevOps Engineer,https://job-boards.greenhouse.io/scotch/jobs/5129920008
"Backend Engineer, Knowledge Graph (Rust) - Greenhouse",Gitlab,Greenhouse,completed,Not Enabled,No,3/8/2026,Senior DevOps Engineer,https://job-boards.greenhouse.io/gitlab/jobs/8437754002
Job Application for Senior Software Developer at Clover Health,Cloverhealth,Greenhouse,completed,Not Enabled,No,3/8/2026,Senior DevOps Engineer,https://job-boards.greenhouse.io/cloverhealth/jobs/6545385
"Senior Software Engineer, Full-stack @ Onebrief - Jobs",Onebrief,Ashby,completed,Not Enabled,No,3/8/2026,Senior DevOps Engineer,https://jobs.ashbyhq.com/onebrief/605a6856-fb5d-4d61-8d2f-64a2b1ce3f2c
"Senior Fullstack Software Engineer, Collaboration @ Vanta - Jobs",Vanta,Ashby,completed,Not Enabled,No,3/8/2026,Senior DevOps Engineer,https://jobs.ashbyhq.com/vanta/a10488ee-5b31-4a10-bf99-3c18dfe8f733
Location Platform at Life360 - Staff Backend Engineer - Greenhouse,Life360,Greenhouse,completed,Not Enabled,No,3/8/2026,Senior DevOps Engineer,http://job-boards.greenhouse.io/life360/jobs/8414958002
"Staff Software Engineer, Platform - Greenhouse",Smartertechnologies,Greenhouse,completed,Not Enabled,No,3/8/2026,Senior DevOps Engineer,https://job-boards.greenhouse.io/smartertechnologies/jobs/4654811005
Job Application for Sr. Software Engineer-AI Reliability at MixMode,Mixmode,Greenhouse,completed,Not Enabled,No,3/8/2026,Senior DevOps Engineer,https://job-boards.greenhouse.io/mixmode/jobs/5066801007
"Staff Software Engineer, Identity & Access @ Patreon - Jobs",Patreon,Ashby,completed,Not Enabled,No,3/8/2026,Senior DevOps Engineer,https://jobs.ashbyhq.com/patreon/e9cf3ccd-72b3-48a9-adfe-801d2df7c787
"Staff Software Engineer, FinPlatform Backend - Greenhouse",Flex,Greenhouse,completed,Not Enabled,No,3/8/2026,Senior DevOps Engineer,https://job-boards.greenhouse.io/flex/jobs/4661298005
"Senior Software Engineer II, Platform UI (Remote) @ AuditBoard",Auditboard,Ashby,completed,Not Enabled,No,3/8/2026,Senior DevOps Engineer,https://jobs.ashbyhq.com/auditboard/eec4da84-2e5d-40ab-89f6-7eb5a79e96d2
Job Application for Senior Software Engineer II at Freenome,Freenome,Greenhouse,completed,Not Enabled,No,3/8/2026,Senior DevOps Engineer,https://job-boards.greenhouse.io/freenome/jobs/8414748002
"Senior Software Engineer, Backend (Repayment UX Engineering)",Affirm,Greenhouse,completed,Not Enabled,No,3/8/2026,Senior DevOps Engineer,https://job-boards.greenhouse.io/affirm/jobs/7636981003
Job Application for AI Tutor - Software Engineer Specialist at xAI,Xai,Greenhouse,completed,Not Enabled,No,3/8/2026,Senior DevOps Engineer,https://job-boards.greenhouse.io/xai/jobs/5063490007
Job Application for Lead Software Engineer - Rails at Bolt.new,Stackblitz,Greenhouse,completed,Not Enabled,No,3/8/2026,Senior DevOps Engineer,https://job-boards.greenhouse.io/stackblitz/jobs/4113015009
Backend Software Developer (Remote - Mexico Only) - Greenhouse,Varicent,Greenhouse,completed,Not Enabled,No,3/8/2026,Senior DevOps Engineer,https://job-boards.greenhouse.io/varicent/jobs/5114433008
Software Engineer - Platform InfraSec | USA | Remote - Greenhouse,Grafanalabs,Greenhouse,completed,Not Enabled,No,3/7/2026,Senior DevOps Engineer,https://job-boards.greenhouse.io/grafanalabs/jobs/5819644004
"Staff Backend Engineer | Remote, LAM @ Cube - Jobs",Cubesoftware,Ashby,completed,Not Enabled,No,3/7/2026,Senior DevOps Engineer,https://jobs.ashbyhq.com/cubesoftware/68df242c-514d-4733-a6df-1b0cdd744022
Job Application for Senior Software Engineer at Garner Health,Garnerhealth,Greenhouse,completed,Not Enabled,No,3/7/2026,Senior DevOps Engineer,https://job-boards.greenhouse.io/garnerhealth/jobs/5816910004
"Senior Software Engineer, Supplier Platform (Remote) - Greenhouse",Ezcaterinc,Greenhouse,completed,Not Enabled,No,3/7/2026,Senior DevOps Engineer,https://job-boards.greenhouse.io/ezcaterinc/jobs/5070658007
Director of DevOps @ Knox Systems - Jobs,Knox Systems,Ashby,completed,Not Enabled,No,3/7/2026,Senior DevOps Engineer,https://jobs.ashbyhq.com/knox-systems/5b530ace-c28a-4737-8ba9-974091ffcf0d
Job Application for AWS Engineer at Baringa - Greenhouse,Baringa,Greenhouse,completed,Not Enabled,No,3/7/2026,Senior DevOps Engineer,https://job-boards.greenhouse.io/baringa/jobs/4799581101
Job Application for Staff Site Reliability Engineer-Federal at Zscaler,Zscaler,Greenhouse,completed,Not Enabled,No,3/7/2026,Senior DevOps Engineer,https://job-boards.greenhouse.io/zscaler/jobs/5072596007
"Senior Site Reliability Engineer, Database Excellence - Greenhouse",Gitlab,Greenhouse,completed,Not Enabled,No,3/7/2026,Senior DevOps Engineer,https://job-boards.greenhouse.io/gitlab/jobs/8438117002
Job Application for Senior Site Reliability Engineer at Fixify,Fixify,Greenhouse,completed,Not Enabled,No,3/7/2026,Senior DevOps Engineer,https://job-boards.greenhouse.io/fixify/jobs/5120169008
Job Application for Senior Site Reliability Engineer at Customer.io,Customerio,Greenhouse,completed,Not Enabled,No,3/7/2026,Senior DevOps Engineer,https://job-boards.greenhouse.io/customerio/jobs/7689438
Senior DevOps Engineer @ webAI - Jobs,Webai,Ashby,completed,Not Enabled,No,3/7/2026,Senior DevOps Engineer,https://jobs.ashbyhq.com/webAI/1854341f-3e5c-4eb6-9cec-569563c18d69
"Job Application for CI/CD Engineer, Mobile at Adyen - Greenhouse",Adyen,Greenhouse,completed,Not Enabled,No,3/7/2026,Senior DevOps Engineer,https://job-boards.greenhouse.io/adyen/jobs/7684222
Job Application for Staff Software Engineer at Versaterm - Greenhouse,Versaterm,Greenhouse,completed,Not Enabled,No,3/7/2026,Senior DevOps Engineer,https://job-boards.greenhouse.io/versaterm/jobs/5140836008
Job Application for Principal ML Scientist at Gather AI - Greenhouse,Gatherai,Greenhouse,completed,Not Enabled,No,3/7/2026,Senior DevOps Engineer,https://job-boards.greenhouse.io/gatherai/jobs/5067680007
Principal Platform Engineer- GCP and Kubernetes is a must,Sonicwall,Greenhouse,completed,Not Enabled,No,3/7/2026,Senior DevOps Engineer,https://job-boards.greenhouse.io/sonicwall/jobs/7669309
Senior Product Manager (Kestra Cloud) - Jobs,Kestra,Ashby,completed,Not Enabled,No,3/7/2026,Senior DevOps Engineer,https://jobs.ashbyhq.com/kestra/f3c53057-df2e-40e5-ac0b-780679ce3fb7
Infrastructure Engineer - Greenhouse,Liginternal,Greenhouse,completed,Not Enabled,No,3/7/2026,Senior DevOps Engineer,https://job-boards.greenhouse.io/liginternal/jobs/7681737
Job Application for Senior Staff DevOps Engineer at Sonatus,Sonatus,Greenhouse,completed,Not Enabled,No,3/7/2026,Senior DevOps Engineer,https://job-boards.greenhouse.io/sonatus/jobs/5069995007?gh_src=ele3ku537us
Job Application for Staff DevOps Engineer at Sonatus - Greenhouse,Sonatus,Greenhouse,completed,Not Enabled,No,3/7/2026,Senior DevOps Engineer,https://job-boards.greenhouse.io/sonatus/jobs/5070083007?gh_src=ele3ku537us
Field Marketing Manager | DuploCloud,Duplocloud,Rippling,completed,Not Enabled,No,3/7/2026,Senior DevOps Engineer,https://ats.rippling.com/duplocloud/jobs/6d583fff-5434-4d9e-ad45-bec78605d77d
Job Application for DevOps Engineer at Altium - Greenhouse,Altium,Greenhouse,completed,Not Enabled,No,3/7/2026,Senior DevOps Engineer,https://job-boards.greenhouse.io/altium/jobs/4659413006
Forward Deployed Infrastructure Engineer @ Quartermaster - Jobs,Quartermaster,Ashby,completed,Not Enabled,No,3/7/2026,Senior DevOps Engineer,https://jobs.ashbyhq.com/quartermaster/eb313912-6eb0-460d-998e-f2ec5e02cc1a
Senior Airflow Reliability Engineer - Infra @ Astronomer - Jobs,Astronomer,Ashby,completed,Not Enabled,No,3/7/2026,Senior DevOps Engineer,https://jobs.ashbyhq.com/astronomer/34c5fc2c-7f84-4172-9a93-f8501093c677
"Senior Software Engineer, Data Infrastructure (RDBMS) @ TRM Labs",Trm Labs,Ashby,completed,Not Enabled,No,3/7/2026,Senior DevOps Engineer,https://jobs.ashbyhq.com/trm-labs/71b18df8-e038-4586-931b-d1d0e7b405a2?utm_source=KaWmZ89zGg
Senior Cloud Engineer @ Pragmatike - Jobs,Pragmatike,Ashby,completed,Not Enabled,No,3/7/2026,Senior DevOps Engineer,https://jobs.ashbyhq.com/pragmatike/faf20ede-9bd5-4f2d-9adc-7b437001b59b
Senior Infrastructure Engineer @ Aurelian - Jobs,Aurelian,Ashby,completed,Not Enabled,No,3/7/2026,Senior DevOps Engineer,https://jobs.ashbyhq.com/aurelian/cae419c0-a302-4187-9697-d374acd8752a
Infrastructure Engineer @ Tamarind Bio - Jobs,Tamarindbio,Ashby,completed,Not Enabled,No,3/7/2026,Senior DevOps Engineer,https://jobs.ashbyhq.com/tamarindbio/2aecc18f-ab25-4560-9245-63c90174f333
Senior DevOps Engineer | Athos Commerce,Athos Commerce Careers,Rippling,completed,Not Enabled,No,3/7/2026,Senior DevOps Engineer,https://ats.rippling.com/athos-commerce-careers/jobs/c9393749-7b1d-4e5d-be9b-314bb0c990a4
Principal Instrumentation Range & Infrastructure Engineer,Andurilindustries,Greenhouse,completed,Not Enabled,No,3/7/2026,Senior DevOps Engineer,https://job-boards.greenhouse.io/andurilindustries/jobs/4855416007
Senior Infrastructure Engineer @ TRM Labs - Jobs,Trm Labs,Ashby,completed,Not Enabled,No,3/7/2026,Senior DevOps Engineer,https://jobs.ashbyhq.com/trm-labs/f7a0d7fa-3b51-4bf6-9b3b-dc6a10879123?utm_source=carob.app&utm_medium=referral
Machine Learning Infrastructure Engineer @ TRM Labs - Jobs,Trm Labs,Ashby,completed,Not Enabled,No,3/7/2026,Senior DevOps Engineer,https://jobs.ashbyhq.com/trm-labs/f902b428-d2d4-4c68-a087-48a4ee5d3ba6?utm_source=carob.app&utm_medium=referral
Site Reliability Engineer (m/f/d) @ Deepslate - Jobs,Deepslate,Ashby,completed,Not Enabled,No,3/7/2026,Senior DevOps Engineer,https://jobs.ashbyhq.com/deepslate/f5b537eb-bd64-4aa0-812c-1711db09d59a
Staff Instrumentation Range & Infrastructure Engineer - Greenhouse,Andurilindustries,Greenhouse,completed,Not Enabled,No,3/7/2026,Senior DevOps Engineer,https://job-boards.greenhouse.io/andurilindustries/jobs/5071316007
Senior DevOps Engineer | Bound,Bound,Rippling,completed,Not Enabled,No,3/7/2026,Senior DevOps Engineer,https://ats.rippling.com/bound/jobs/643739c9-9892-49c0-adf4-eb5771ca33ee
Job Application for Junior Infrastructure Engineer at Liberty Software,Libertysoftware,Greenhouse,completed,Not Enabled,No,3/7/2026,Senior DevOps Engineer,https://job-boards.greenhouse.io/libertysoftware/jobs/5129428008
Job Application for Lead Site Reliability Engineer at Mattermost,Mattermost,Greenhouse,completed,Not Enabled,No,3/7/2026,Senior DevOps Engineer,https://job-boards.greenhouse.io/mattermost/jobs/5123836008?gh_jid=5123836008
Senior Infrastructure Engineer - Greenhouse,Peregrinetechnologies,Greenhouse,completed,Not Enabled,No,3/7/2026,Senior DevOps Engineer,https://job-boards.greenhouse.io/peregrinetechnologies/jobs/4550899005?gh_jid=4550899005
Job Application for Senior Staff Site Reliability Engineer at Ping ...,Pingidentity,Greenhouse,completed,Not Enabled,No,3/7/2026,Senior DevOps Engineer,https://job-boards.greenhouse.io/pingidentity/jobs/8442568002
"Senior DevOps Engineer, Core Apps @ NetBox Labs - Jobs",Netboxlabs,Ashby,completed,Not Enabled,No,3/7/2026,Senior DevOps Engineer,https://jobs.ashbyhq.com/netboxlabs/10b2c3ec-b734-4590-99ff-648e4c0ac417
Job Application for Senior DevOps Engineer at Ada - Greenhouse,Ada18,Greenhouse,completed,Not Enabled,No,3/7/2026,Senior DevOps Engineer,http://job-boards.greenhouse.io/ada18/jobs/5067574007
Job Application for Infrastructure Engineer at Attune - Greenhouse,Attune,Greenhouse,completed,Not Enabled,No,3/7/2026,Senior DevOps Engineer,https://job-boards.greenhouse.io/attune/jobs/7656176003
Job Application for Senior Infrastructure Engineer at Flex,Flex,Greenhouse,completed,Not Enabled,No,3/7/2026,Senior DevOps Engineer,https://job-boards.greenhouse.io/flex/jobs/4666310005
DevOps Engineer @ EverOps - Jobs,Everops,Ashby,completed,Not Enabled,No,3/7/2026,Senior DevOps Engineer,https://jobs.ashbyhq.com/everops/780b9ad7-aea9-4829-9bc0-a0d82ff9ed19
Job Application for Senior Site Reliability Engineer at Customer.io,Customerio,Greenhouse,completed,Not Enabled,No,3/7/2026,Senior DevOps Engineer,https://job-boards.greenhouse.io/customerio/jobs/7688375
Platform/DevOps Engineer (Kubernetes-Linux-Azure Local),Armada,Greenhouse,completed,Not Enabled,No,3/7/2026,Senior DevOps Engineer,https://job-boards.greenhouse.io/armada/jobs/5126604008
Job Application for Staff/Lead Platform-DevOps Engineer at Armada,Armada,Greenhouse,completed,Not Enabled,No,3/7/2026,Senior DevOps Engineer,https://job-boards.greenhouse.io/armada/jobs/5126489008
Cority - Site Reliability Engineer II - Lever,Cority,Lever,completed,Not Enabled,No,3/7/2026,Senior DevOps Engineer,https://jobs.lever.co/cority/891c123b-7ea4-4598-ad16-56c087fe1520/apply
Lead Cloud Infrastructure Engineer / Site Reliability Engineer (SRE),Corelight,Greenhouse,completed,Not Enabled,No,3/7/2026,Senior DevOps Engineer,https://job-boards.greenhouse.io/corelight/jobs/7504742?gh_jid=7504742?ref=employbl
"Senior DevOps Engineer (Berlin, hybrid) @ Kittl - Jobs",Kittl,Ashby,completed,Not Enabled,No,3/7/2026,Senior DevOps Engineer,https://jobs.ashbyhq.com/kittl/d866dec4-7837-451a-baa7-7ba6133e3c28
Job Application for DC Devops Engineer at Everpure - Greenhouse,Purestorage,Greenhouse,completed,Not Enabled,No,3/7/2026,Senior DevOps Engineer,https://job-boards.greenhouse.io/purestorage/jobs/7590015
Staff DevOps Engineer @ webAI - Jobs,Webai,Ashby,completed,Not Enabled,No,3/7/2026,Senior DevOps Engineer,https://jobs.ashbyhq.com/webai/0aafea57-e566-4ed8-a026-09e8625dabe3?utm_source=jobs.forerunnerventures.com
Senior DevOps Engineer (AWS) - Greenhouse,Internalreferralprogram,Greenhouse,completed,Not Enabled,No,3/7/2026,Senior DevOps Engineer,https://job-boards.greenhouse.io/internalreferralprogram/jobs/5793218004
Software Engineer - SRE/DevOps @ Voxel - Jobs,Voxel,Ashby,completed,Not Enabled,No,3/7/2026,Senior DevOps Engineer,https://jobs.ashbyhq.com/voxel/ac78aadf-b203-41ac-b6d3-8ddc51f5370f
Staff Site Reliability Engineer @ Tabs - Jobs,Tabs,Ashby,completed,Not Enabled,No,3/7/2026,Senior DevOps Engineer,https://jobs.ashbyhq.com/Tabs/67bdf965-fb8b-4cbd-b852-50e453dfe10d
Senior Site Reliability Engineer @ ScienceLogic - Jobs,Sciencelogic,Ashby,completed,Not Enabled,No,3/7/2026,Senior DevOps Engineer,https://jobs.ashbyhq.com/sciencelogic/bbe6e778-8bdb-44fd-b971-31ee9516c6dd
Job Application for Mid-level DevOps Engineer at GRVTY,Grvty,Greenhouse,completed,Not Enabled,No,3/7/2026,Senior DevOps Engineer,https://job-boards.greenhouse.io/grvty/jobs/4164450009
Senior Site Reliability Engineer @ Kontakt.io - Jobs,Kontakt,Ashby,completed,Not Enabled,No,3/7/2026,Senior DevOps Engineer,https://jobs.ashbyhq.com/kontakt/e8778e3f-ce55-415a-b0a3-251392c6af49?utm_source=carob.app&utm_medium=referral
Job Application for Staff Site Reliability Engineer at Archer,Archer56,Greenhouse,completed,Not Enabled,No,3/7/2026,Senior DevOps Engineer,https://job-boards.greenhouse.io/archer56/jobs/7650033003
Job Application for L2 DevOps Engineer at OpenFX - Greenhouse,Openfx,Greenhouse,completed,Not Enabled,No,3/7/2026,Senior DevOps Engineer,https://job-boards.greenhouse.io/openfx/jobs/5115338008
Job Application for Site Reliability Engineer at Pendo - Greenhouse,Pendo,Greenhouse,completed,Not Enabled,No,3/7/2026,Senior DevOps Engineer,https://job-boards.greenhouse.io/pendo/jobs/8373198002
Job Application for Senior Site Reliability Engineer at SHEIN,Shein,Greenhouse,completed,Not Enabled,No,3/7/2026,Senior DevOps Engineer,https://job-boards.greenhouse.io/shein/jobs/5126431008
DevOps Engineer @ Swap - Jobs,Swap,Ashby,completed,Not Enabled,No,3/7/2026,Senior DevOps Engineer,https://jobs.ashbyhq.com/swap/4eefc95f-d65a-4a9c-a407-a2a983a30fb4?utm_source=4Dk1M3Q3YB
Job Application for Site Reliability Engineer at MaintainX,Maintainx,Greenhouse,completed,Not Enabled,No,3/7/2026,Senior DevOps Engineer,https://job-boards.greenhouse.io/maintainx/jobs/5051538007
Job Application for Senior Site Reliability Engineer at Braze,Braze,Greenhouse,completed,Not Enabled,No,3/7/2026,Senior DevOps Engineer,https://job-boards.greenhouse.io/braze/jobs/7539948?gh_jid=7539948
Job Application for Site Reliability Engineer at Fireblocks,Fireblocks,Greenhouse,completed,Not Enabled,No,3/7/2026,Senior DevOps Engineer,https://job-boards.greenhouse.io/fireblocks/jobs/4656035006
Site Reliability Engineer-Brazil,Pathlock,Rippling,completed,Not Enabled,No,3/7/2026,Senior DevOps Engineer,https://ats.rippling.com/pathlock/jobs/cc1513fa-2bd0-4557-a60c-0409acaaee2a
"Job Application for Site Reliability Engineer, Cloud at Everpure",Purestorage,Greenhouse,completed,Not Enabled,No,3/7/2026,Senior DevOps Engineer,https://job-boards.greenhouse.io/purestorage/jobs/7618861?gh_jid=7618861
Job Application for Senior DevOps Engineer at Anduril Industries,Andurilindustries,Greenhouse,completed,Not Enabled,No,3/7/2026,Senior DevOps Engineer,https://job-boards.greenhouse.io/andurilindustries/jobs/5062846007
Job Application for Senior DevOps Engineer at CodeRoad,Coderoad,Greenhouse,completed,Not Enabled,No,3/7/2026,Senior DevOps Engineer,https://job-boards.greenhouse.io/coderoad/jobs/4121011009
Job Application for Site Reliability Engineer at Ethos Life - Greenhouse,Ethoslife,Greenhouse,completed,Not Enabled,No,3/7/2026,Senior DevOps Engineer,https://job-boards.greenhouse.io/ethoslife/jobs/8427726002
Job Application for Senior DevOps Engineer at CodeRoad,Coderoad,Greenhouse,completed,Not Enabled,No,3/7/2026,Senior DevOps Engineer,https://job-boards.greenhouse.io/coderoad/jobs/4164237009
Job Application for Site Reliability Engineer at Virtru - Greenhouse,Virtru,Greenhouse,completed,Not Enabled,No,3/7/2026,Senior DevOps Engineer,https://job-boards.greenhouse.io/virtru/jobs/4668671005
Level 3 (L3) DevOps Engineer (Mid-level) @ Knox Systems - Jobs,Knox Systems,Ashby,completed,Not Enabled,No,3/7/2026,Senior DevOps Engineer,https://jobs.ashbyhq.com/knox-systems/39e19189-1c03-4a6e-b023-578359224fb9
Job Application for Lead DevOps Engineer - India at Aspire,Aspireio,Greenhouse,completed,Not Enabled,No,3/7/2026,Senior DevOps Engineer,https://job-boards.greenhouse.io/aspireio/jobs/8435908002
Senior DevOps Engineer @ Risk Labs - Jobs,Risklabs,Ashby,completed,Not Enabled,No,3/7/2026,Senior DevOps Engineer,https://jobs.ashbyhq.com/risklabs/1e85d1db-d48a-4f05-ba5b-32c5eeae12f4
DevOps Engineer - Senior Vice President at iCapital - Greenhouse,Icapitalnetwork,Greenhouse,completed,Not Enabled,No,3/7/2026,Senior DevOps Engineer,https://job-boards.greenhouse.io/icapitalnetwork/jobs/8390699002
"Site Reliability Engineer II, Data Platforms - Greenhouse",Opentable,Greenhouse,completed,Not Enabled,No,3/7/2026,Senior DevOps Engineer,https://job-boards.greenhouse.io/opentable/jobs/8449998002
"Senior DevOps Engineer, Core Apps @ NetBox Labs - Jobs",Netboxlabs,Ashby,completed,Not Enabled,No,3/7/2026,Senior DevOps Engineer,https://jobs.ashbyhq.com/netboxlabs/10b2c3ec-b734-4590-99ff-648e4c0ac417/application
"Site Reliability Engineer III, Aviation @ Flock Safety - Jobs",Flock Safety,Ashby,completed,Not Enabled,No,3/7/2026,Senior DevOps Engineer,https://jobs.ashbyhq.com/Flock%20Safety/8f4dd66b-9051-44c0-b192-54041d715e7c
Job Application for Senior DevOps Engineer at Rival Technologies,Rivaltechnologies,Greenhouse,completed,Not Enabled,No,3/7/2026,Senior DevOps Engineer,https://job-boards.greenhouse.io/rivaltechnologies/jobs/5132992008
Job Application for Senior Site Reliability Engineer at Transcend Inc.,Transcendinc,Greenhouse,completed,Not Enabled,No,3/7/2026,Senior DevOps Engineer,https://job-boards.greenhouse.io/transcendinc/jobs/4120702009
"Job Application for DevOps Engineer Sr at Pathward, N.A.",Pathward,Greenhouse,completed,Not Enabled,No,3/7/2026,Senior DevOps Engineer,https://job-boards.greenhouse.io/pathward/jobs/5800343004
DevOps Engineer | Tixr,Tixr,Rippling,completed,Not Enabled,No,3/7/2026,Senior DevOps Engineer,https://ats.rippling.com/tixr/jobs/3f0a03a8-6598-44d5-899e-c55f1e485f0f
DevOps Infrastructure Engineer / Systems Administrator - Greenhouse,Nmi,Greenhouse,completed,Not Enabled,No,3/7/2026,Senior DevOps Engineer,http://job-boards.greenhouse.io/nmi/jobs/5135798008
Job Application for Senior DevOps Engineer at Slingshot Aerospace,Slingshotaerospace,Greenhouse,completed,Not Enabled,No,3/7/2026,Senior DevOps Engineer,https://job-boards.greenhouse.io/slingshotaerospace/jobs/5809580004